hour,dayOfWeek,isHolidays,isWeekend,velosReels,Erreur absolue,velosPredits
4,4,0,0,2,0.0,2
4,4,0,0,2,0.0,2
4,4,0,0,2,0.0,2
4,4,0,0,2,0.0,2
4,4,0,0,2,0.0,2
4,4,0,0,2,0.0,2
4,4,0,0,2,0.0,2
4,4,0,0,2,0.0,2
4,4,0,0,2,0.0,2
4,4,0,0,2,0.0,2
5,4,0,0,2,0.0,2
5,4,0,0,2,0.0,2
5,4,0,0,2,0.0,2
5,4,0,0,2,0.0,2
5,4,0,0,2,0.0,2
5,4,0,0,2,0.0,2
5,4,0,0,2,0.0,2
5,4,0,0,2,0.0,2
5,4,0,0,2,0.0,2
5,4,0,0,2,0.0,2
5,4,0,0,2,0.0,2
5,4,0,0,2,0.0,2
5,4,0,0,2,0.0,2
5,4,0,0,2,0.0,2
5,4,0,0,2,0.0,2
5,4,0,0,2,0.0,2
5,4,0,0,2,0.0,2
5,4,0,0,2,0.0,2
5,4,0,0,2,0.0,2
5,4,0,0,2,0.0,2
5,4,0,0,2,0.0,2
5,4,0,0,2,0.0,2
5,4,0,0,2,0.0,2
5,4,0,0,2,0.0,2
5,4,0,0,2,0.0,2
5,4,0,0,2,0.0,2
5,4,0,0,2,0.0,2
5,4,0,0,2,0.0,2
5,4,0,0,2,0.0,2
5,4,0,0,2,0.0,2
5,4,0,0,2,0.0,2
5,4,0,0,2,0.0,2
5,4,0,0,2,0.0,2
5,4,0,0,2,0.0,2
5,4,0,0,2,0.0,2
5,4,0,0,2,0.0,2
5,4,0,0,2,0.0,2
5,4,0,0,2,0.0,2
5,4,0,0,2,0.0,2
5,4,0,0,2,0.0,2
5,4,0,0,2,0.0,2
5,4,0,0,2,0.0,2
5,4,0,0,2,0.0,2
5,4,0,0,2,0.0,2
5,4,0,0,2,0.0,2
5,4,0,0,2,0.0,2
5,4,0,0,2,0.0,2
5,4,0,0,2,0.0,2
5,4,0,0,2,0.0,2
5,4,0,0,2,0.0,2
5,4,0,0,2,0.0,2
5,4,0,0,2,0.0,2
5,4,0,0,2,0.0,2
5,4,0,0,2,0.0,2
5,4,0,0,2,0.0,2
5,4,0,0,2,0.0,2
5,4,0,0,2,0.0,2
5,4,0,0,2,0.0,2
5,4,0,0,2,0.0,2
5,4,0,0,2,0.0,2
6,4,0,0,2,0.0,2
6,4,0,0,2,0.0,2
6,4,0,0,2,0.0,2
6,4,0,0,2,0.0,2
6,4,0,0,2,0.0,2
6,4,0,0,2,0.0,2
6,4,0,0,2,0.0,2
6,4,0,0,2,0.0,2
6,4,0,0,2,0.0,2
6,4,0,0,2,0.0,2
6,4,0,0,2,0.0,2
6,4,0,0,2,0.0,2
6,4,0,0,2,0.0,2
6,4,0,0,3,1.0,2
6,4,0,0,3,1.0,2
6,4,0,0,3,1.0,2
6,4,0,0,3,1.0,2
6,4,0,0,3,1.0,2
6,4,0,0,3,1.0,2
6,4,0,0,3,1.0,2
6,4,0,0,3,1.0,2
6,4,0,0,3,1.0,2
6,4,0,0,3,1.0,2
6,4,0,0,3,1.0,2
6,4,0,0,3,1.0,2
6,4,0,0,3,1.0,2
6,4,0,0,3,1.0,2
6,4,0,0,3,1.0,2
6,4,0,0,3,1.0,2
6,4,0,0,3,1.0,2
6,4,0,0,3,1.0,2
6,4,0,0,3,1.0,2
6,4,0,0,3,1.0,2
6,4,0,0,3,1.0,2
6,4,0,0,3,1.0,2
6,4,0,0,3,1.0,2
6,4,0,0,3,1.0,2
6,4,0,0,3,1.0,2
6,4,0,0,3,1.0,2
6,4,0,0,3,1.0,2
6,4,0,0,3,1.0,2
6,4,0,0,3,1.0,2
6,4,0,0,3,1.0,2
6,4,0,0,3,1.0,2
6,4,0,0,3,1.0,2
6,4,0,0,3,1.0,2
6,4,0,0,3,1.0,2
6,4,0,0,3,1.0,2
6,4,0,0,3,1.0,2
6,4,0,0,3,1.0,2
6,4,0,0,3,1.0,2
6,4,0,0,3,1.0,2
6,4,0,0,3,1.0,2
6,4,0,0,3,1.0,2
6,4,0,0,3,1.0,2
6,4,0,0,3,1.0,2
6,4,0,0,3,1.0,2
6,4,0,0,3,1.0,2
6,4,0,0,3,1.0,2
6,4,0,0,3,1.0,2
7,4,0,0,3,1.0,2
7,4,0,0,3,1.0,2
7,4,0,0,3,1.0,2
7,4,0,0,3,1.0,2
7,4,0,0,3,1.0,2
7,4,0,0,3,1.0,2
7,4,0,0,3,1.0,2
7,4,0,0,3,1.0,2
7,4,0,0,3,1.0,2
7,4,0,0,3,1.0,2
7,4,0,0,3,1.0,2
7,4,0,0,3,1.0,2
7,4,0,0,3,1.0,2
7,4,0,0,3,1.0,2
7,4,0,0,3,1.0,2
7,4,0,0,3,1.0,2
7,4,0,0,3,1.0,2
7,4,0,0,3,1.0,2
7,4,0,0,3,1.0,2
7,4,0,0,3,1.0,2
7,4,0,0,3,1.0,2
7,4,0,0,3,1.0,2
7,4,0,0,3,1.0,2
7,4,0,0,3,1.0,2
7,4,0,0,3,1.0,2
7,4,0,0,3,1.0,2
7,4,0,0,3,1.0,2
7,4,0,0,3,1.0,2
7,4,0,0,3,1.0,2
7,4,0,0,3,1.0,2
7,4,0,0,3,1.0,2
7,4,0,0,3,1.0,2
7,4,0,0,3,1.0,2
7,4,0,0,3,1.0,2
7,4,0,0,3,1.0,2
7,4,0,0,3,1.0,2
7,4,0,0,3,1.0,2
7,4,0,0,3,1.0,2
7,4,0,0,3,1.0,2
7,4,0,0,3,1.0,2
7,4,0,0,3,1.0,2
7,4,0,0,3,1.0,2
7,4,0,0,3,1.0,2
7,4,0,0,3,1.0,2
7,4,0,0,3,1.0,2
7,4,0,0,3,1.0,2
7,4,0,0,3,1.0,2
7,4,0,0,3,1.0,2
7,4,0,0,3,1.0,2
7,4,0,0,3,1.0,2
7,4,0,0,3,1.0,2
7,4,0,0,3,1.0,2
7,4,0,0,3,1.0,2
7,4,0,0,3,1.0,2
7,4,0,0,3,1.0,2
7,4,0,0,3,1.0,2
7,4,0,0,3,1.0,2
7,4,0,0,3,1.0,2
7,4,0,0,3,1.0,2
7,4,0,0,3,1.0,2
8,4,0,0,3,1.0,2
8,4,0,0,3,1.0,2
8,4,0,0,3,1.0,2
8,4,0,0,3,1.0,2
8,4,0,0,3,1.0,2
8,4,0,0,3,1.0,2
8,4,0,0,3,1.0,2
8,4,0,0,3,1.0,2
8,4,0,0,3,1.0,2
8,4,0,0,3,1.0,2
8,4,0,0,3,1.0,2
8,4,0,0,3,1.0,2
8,4,0,0,3,1.0,2
8,4,0,0,3,1.0,2
8,4,0,0,3,1.0,2
8,4,0,0,3,1.0,2
8,4,0,0,3,1.0,2
8,4,0,0,3,1.0,2
8,4,0,0,3,1.0,2
8,4,0,0,3,1.0,2
8,4,0,0,3,1.0,2
8,4,0,0,3,1.0,2
8,4,0,0,3,1.0,2
8,4,0,0,3,1.0,2
8,4,0,0,3,1.0,2
8,4,0,0,3,1.0,2
8,4,0,0,3,1.0,2
8,4,0,0,3,1.0,2
8,4,0,0,3,1.0,2
8,4,0,0,3,1.0,2
8,4,0,0,3,1.0,2
8,4,0,0,3,1.0,2
8,4,0,0,3,1.0,2
8,4,0,0,3,1.0,2
8,4,0,0,3,1.0,2
8,4,0,0,3,1.0,2
8,4,0,0,3,1.0,2
8,4,0,0,3,1.0,2
8,4,0,0,3,1.0,2
8,4,0,0,3,1.0,2
8,4,0,0,3,1.0,2
8,4,0,0,3,1.0,2
8,4,0,0,3,1.0,2
8,4,0,0,3,1.0,2
8,4,0,0,3,1.0,2
8,4,0,0,3,1.0,2
8,4,0,0,3,1.0,2
8,4,0,0,3,1.0,2
8,4,0,0,3,1.0,2
8,4,0,0,3,1.0,2
8,4,0,0,3,1.0,2
8,4,0,0,3,1.0,2
8,4,0,0,3,1.0,2
8,4,0,0,3,1.0,2
8,4,0,0,3,1.0,2
8,4,0,0,3,1.0,2
8,4,0,0,3,1.0,2
8,4,0,0,3,1.0,2
8,4,0,0,3,1.0,2
8,4,0,0,3,1.0,2
9,4,0,0,3,1.0,2
9,4,0,0,3,1.0,2
9,4,0,0,3,1.0,2
9,4,0,0,3,1.0,2
9,4,0,0,3,1.0,2
9,4,0,0,3,1.0,2
9,4,0,0,3,1.0,2
9,4,0,0,3,1.0,2
9,4,0,0,3,1.0,2
9,4,0,0,3,1.0,2
9,4,0,0,3,1.0,2
9,4,0,0,3,1.0,2
9,4,0,0,3,1.0,2
9,4,0,0,3,1.0,2
9,4,0,0,3,1.0,2
9,4,0,0,3,1.0,2
9,4,0,0,3,1.0,2
9,4,0,0,3,1.0,2
9,4,0,0,3,1.0,2
9,4,0,0,3,1.0,2
9,4,0,0,3,1.0,2
9,4,0,0,3,1.0,2
9,4,0,0,3,1.0,2
9,4,0,0,3,1.0,2
9,4,0,0,3,1.0,2
9,4,0,0,3,1.0,2
9,4,0,0,3,1.0,2
9,4,0,0,3,1.0,2
9,4,0,0,3,1.0,2
9,4,0,0,3,1.0,2
9,4,0,0,3,1.0,2
9,4,0,0,3,1.0,2
9,4,0,0,3,1.0,2
9,4,0,0,3,1.0,2
9,4,0,0,3,1.0,2
9,4,0,0,3,1.0,2
9,4,0,0,3,1.0,2
9,4,0,0,3,1.0,2
9,4,0,0,3,1.0,2
9,4,0,0,3,1.0,2
9,4,0,0,3,1.0,2
9,4,0,0,3,1.0,2
9,4,0,0,3,1.0,2
9,4,0,0,3,1.0,2
9,4,0,0,3,1.0,2
9,4,0,0,3,1.0,2
9,4,0,0,3,1.0,2
9,4,0,0,3,1.0,2
9,4,0,0,3,1.0,2
9,4,0,0,3,1.0,2
9,4,0,0,3,1.0,2
9,4,0,0,3,1.0,2
9,4,0,0,3,1.0,2
9,4,0,0,3,1.0,2
9,4,0,0,3,1.0,2
9,4,0,0,3,1.0,2
9,4,0,0,3,1.0,2
9,4,0,0,3,1.0,2
9,4,0,0,4,2.0,2
9,4,0,0,5,3.0,2
10,4,0,0,6,4.0,2
10,4,0,0,6,4.0,2
10,4,0,0,6,4.0,2
10,4,0,0,6,4.0,2
10,4,0,0,6,4.0,2
10,4,0,0,6,4.0,2
10,4,0,0,6,4.0,2
10,4,0,0,6,4.0,2
10,4,0,0,6,4.0,2
10,4,0,0,6,4.0,2
10,4,0,0,6,4.0,2
10,4,0,0,6,4.0,2
10,4,0,0,6,4.0,2
10,4,0,0,6,4.0,2
10,4,0,0,6,4.0,2
10,4,0,0,6,4.0,2
10,4,0,0,6,4.0,2
10,4,0,0,6,4.0,2
10,4,0,0,6,4.0,2
10,4,0,0,6,4.0,2
10,4,0,0,6,4.0,2
10,4,0,0,6,4.0,2
10,4,0,0,6,4.0,2
10,4,0,0,6,4.0,2
10,4,0,0,6,4.0,2
10,4,0,0,6,4.0,2
10,4,0,0,6,4.0,2
10,4,0,0,6,4.0,2
10,4,0,0,6,4.0,2
10,4,0,0,6,4.0,2
10,4,0,0,6,4.0,2
10,4,0,0,6,4.0,2
10,4,0,0,6,4.0,2
10,4,0,0,6,4.0,2
10,4,0,0,6,4.0,2
10,4,0,0,6,4.0,2
10,4,0,0,6,4.0,2
10,4,0,0,6,4.0,2
10,4,0,0,6,4.0,2
10,4,0,0,6,4.0,2
10,4,0,0,6,4.0,2
10,4,0,0,6,4.0,2
10,4,0,0,6,4.0,2
10,4,0,0,6,4.0,2
10,4,0,0,6,4.0,2
10,4,0,0,6,4.0,2
10,4,0,0,6,4.0,2
10,4,0,0,6,4.0,2
10,4,0,0,6,4.0,2
10,4,0,0,6,4.0,2
10,4,0,0,6,4.0,2
10,4,0,0,6,4.0,2
10,4,0,0,6,4.0,2
10,4,0,0,6,4.0,2
10,4,0,0,6,4.0,2
10,4,0,0,6,4.0,2
10,4,0,0,6,4.0,2
10,4,0,0,6,4.0,2
10,4,0,0,6,4.0,2
10,4,0,0,6,4.0,2
11,4,0,0,6,4.52,1
11,4,0,0,6,4.52,1
11,4,0,0,6,4.52,1
11,4,0,0,6,4.52,1
11,4,0,0,6,4.52,1
11,4,0,0,6,4.52,1
11,4,0,0,6,4.52,1
11,4,0,0,6,4.52,1
11,4,0,0,6,4.52,1
11,4,0,0,6,4.52,1
11,4,0,0,6,4.52,1
11,4,0,0,6,4.52,1
11,4,0,0,6,4.52,1
11,4,0,0,6,4.52,1
11,4,0,0,6,4.52,1
11,4,0,0,6,4.52,1
11,4,0,0,6,4.52,1
11,4,0,0,6,4.52,1
11,4,0,0,6,4.52,1
11,4,0,0,6,4.52,1
11,4,0,0,6,4.52,1
11,4,0,0,6,4.52,1
11,4,0,0,6,4.52,1
11,4,0,0,6,4.52,1
11,4,0,0,6,4.52,1
11,4,0,0,6,4.52,1
11,4,0,0,6,4.52,1
11,4,0,0,6,4.52,1
11,4,0,0,6,4.52,1
11,4,0,0,6,4.52,1
11,4,0,0,6,4.52,1
11,4,0,0,6,4.52,1
11,4,0,0,6,4.52,1
11,4,0,0,6,4.52,1
11,4,0,0,6,4.52,1
11,4,0,0,6,4.52,1
11,4,0,0,6,4.52,1
11,4,0,0,6,4.52,1
11,4,0,0,6,4.52,1
11,4,0,0,6,4.52,1
11,4,0,0,6,4.52,1
11,4,0,0,6,4.52,1
11,4,0,0,6,4.52,1
11,4,0,0,6,4.52,1
11,4,0,0,6,4.52,1
11,4,0,0,6,4.52,1
11,4,0,0,6,4.52,1
11,4,0,0,6,4.52,1
11,4,0,0,6,4.52,1
11,4,0,0,6,4.52,1
11,4,0,0,6,4.52,1
11,4,0,0,6,4.52,1
11,4,0,0,6,4.52,1
11,4,0,0,6,4.52,1
11,4,0,0,6,4.52,1
11,4,0,0,6,4.52,1
11,4,0,0,6,4.52,1
11,4,0,0,6,4.52,1
11,4,0,0,6,4.52,1
11,4,0,0,6,4.52,1
12,4,0,0,6,5.0,1
12,4,0,0,6,5.0,1
12,4,0,0,6,5.0,1
12,4,0,0,6,5.0,1
12,4,0,0,6,5.0,1
12,4,0,0,6,5.0,1
12,4,0,0,6,5.0,1
12,4,0,0,6,5.0,1
12,4,0,0,6,5.0,1
12,4,0,0,6,5.0,1
12,4,0,0,6,5.0,1
12,4,0,0,6,5.0,1
12,4,0,0,6,5.0,1
12,4,0,0,6,5.0,1
12,4,0,0,6,5.0,1
12,4,0,0,6,5.0,1
12,4,0,0,6,5.0,1
12,4,0,0,6,5.0,1
12,4,0,0,6,5.0,1
12,4,0,0,6,5.0,1
12,4,0,0,6,5.0,1
12,4,0,0,6,5.0,1
12,4,0,0,6,5.0,1
12,4,0,0,6,5.0,1
12,4,0,0,6,5.0,1
12,4,0,0,6,5.0,1
12,4,0,0,6,5.0,1
12,4,0,0,6,5.0,1
12,4,0,0,6,5.0,1
12,4,0,0,6,5.0,1
12,4,0,0,6,5.0,1
12,4,0,0,6,5.0,1
12,4,0,0,6,5.0,1
12,4,0,0,6,5.0,1
12,4,0,0,6,5.0,1
12,4,0,0,6,5.0,1
12,4,0,0,6,5.0,1
12,4,0,0,6,5.0,1
12,4,0,0,6,5.0,1
12,4,0,0,6,5.0,1
12,4,0,0,6,5.0,1
12,4,0,0,6,5.0,1
12,4,0,0,6,5.0,1
12,4,0,0,6,5.0,1
12,4,0,0,6,5.0,1
12,4,0,0,6,5.0,1
12,4,0,0,6,5.0,1
12,4,0,0,5,4.0,1
12,4,0,0,5,4.0,1
12,4,0,0,5,4.0,1
12,4,0,0,5,4.0,1
12,4,0,0,5,4.0,1
12,4,0,0,5,4.0,1
12,4,0,0,5,4.0,1
12,4,0,0,5,4.0,1
12,4,0,0,5,4.0,1
12,4,0,0,5,4.0,1
12,4,0,0,5,4.0,1
12,4,0,0,5,4.0,1
12,4,0,0,5,4.0,1
13,4,0,0,5,4.0,1
13,4,0,0,5,4.0,1
13,4,0,0,5,4.0,1
13,4,0,0,5,4.0,1
13,4,0,0,5,4.0,1
13,4,0,0,5,4.0,1
13,4,0,0,5,4.0,1
13,4,0,0,5,4.0,1
13,4,0,0,5,4.0,1
13,4,0,0,5,4.0,1
13,4,0,0,5,4.0,1
13,4,0,0,5,4.0,1
13,4,0,0,5,4.0,1
13,4,0,0,5,4.0,1
13,4,0,0,5,4.0,1
13,4,0,0,5,4.0,1
13,4,0,0,5,4.0,1
13,4,0,0,5,4.0,1
13,4,0,0,5,4.0,1
13,4,0,0,5,4.0,1
13,4,0,0,5,4.0,1
13,4,0,0,5,4.0,1
13,4,0,0,5,4.0,1
13,4,0,0,5,4.0,1
13,4,0,0,5,4.0,1
13,4,0,0,5,4.0,1
13,4,0,0,5,4.0,1
13,4,0,0,5,4.0,1
13,4,0,0,5,4.0,1
13,4,0,0,5,4.0,1
13,4,0,0,5,4.0,1
13,4,0,0,5,4.0,1
13,4,0,0,5,4.0,1
13,4,0,0,5,4.0,1
13,4,0,0,5,4.0,1
13,4,0,0,5,4.0,1
13,4,0,0,5,4.0,1
13,4,0,0,5,4.0,1
13,4,0,0,5,4.0,1
13,4,0,0,5,4.0,1
13,4,0,0,5,4.0,1
13,4,0,0,5,4.0,1
13,4,0,0,5,4.0,1
13,4,0,0,5,4.0,1
13,4,0,0,5,4.0,1
13,4,0,0,5,4.0,1
13,4,0,0,5,4.0,1
13,4,0,0,5,4.0,1
13,4,0,0,5,4.0,1
13,4,0,0,5,4.0,1
13,4,0,0,5,4.0,1
13,4,0,0,5,4.0,1
13,4,0,0,5,4.0,1
13,4,0,0,5,4.0,1
13,4,0,0,5,4.0,1
13,4,0,0,5,4.0,1
13,4,0,0,5,4.0,1
13,4,0,0,5,4.0,1
13,4,0,0,5,4.0,1
13,4,0,0,5,4.0,1
14,4,0,0,5,3.7,1
14,4,0,0,5,3.7,1
14,4,0,0,5,3.7,1
14,4,0,0,5,3.7,1
14,4,0,0,5,3.7,1
14,4,0,0,5,3.7,1
14,4,0,0,5,3.7,1
14,4,0,0,5,3.7,1
14,4,0,0,5,3.7,1
14,4,0,0,5,3.7,1
14,4,0,0,5,3.7,1
14,4,0,0,5,3.7,1
14,4,0,0,5,3.7,1
14,4,0,0,5,3.7,1
14,4,0,0,5,3.7,1
14,4,0,0,5,3.7,1
14,4,0,0,5,3.7,1
14,4,0,0,5,3.7,1
14,4,0,0,5,3.7,1
14,4,0,0,5,3.7,1
14,4,0,0,5,3.7,1
14,4,0,0,5,3.7,1
14,4,0,0,5,3.7,1
14,4,0,0,5,3.7,1
14,4,0,0,5,3.7,1
14,4,0,0,5,3.7,1
14,4,0,0,5,3.7,1
14,4,0,0,5,3.7,1
14,4,0,0,5,3.7,1
14,4,0,0,5,3.7,1
14,4,0,0,5,3.7,1
14,4,0,0,5,3.7,1
14,4,0,0,5,3.7,1
14,4,0,0,5,3.7,1
14,4,0,0,5,3.7,1
14,4,0,0,5,3.7,1
14,4,0,0,5,3.7,1
14,4,0,0,5,3.7,1
14,4,0,0,5,3.7,1
14,4,0,0,5,3.7,1
14,4,0,0,5,3.7,1
14,4,0,0,5,3.7,1
14,4,0,0,5,3.7,1
14,4,0,0,5,3.7,1
14,4,0,0,5,3.7,1
14,4,0,0,5,3.7,1
14,4,0,0,5,3.7,1
14,4,0,0,5,3.7,1
14,4,0,0,5,3.7,1
14,4,0,0,5,3.7,1
14,4,0,0,5,3.7,1
14,4,0,0,5,3.7,1
14,4,0,0,5,3.7,1
14,4,0,0,5,3.7,1
14,4,0,0,5,3.7,1
14,4,0,0,5,3.7,1
14,4,0,0,5,3.7,1
14,4,0,0,5,3.7,1
14,4,0,0,5,3.7,1
14,4,0,0,5,3.7,1
15,4,0,0,5,3.61,1
15,4,0,0,5,3.61,1
15,4,0,0,5,3.61,1
15,4,0,0,5,3.61,1
15,4,0,0,5,3.61,1
15,4,0,0,5,3.61,1
15,4,0,0,5,3.61,1
15,4,0,0,5,3.61,1
15,4,0,0,5,3.61,1
15,4,0,0,5,3.61,1
15,4,0,0,5,3.61,1
15,4,0,0,5,3.61,1
15,4,0,0,5,3.61,1
15,4,0,0,5,3.61,1
15,4,0,0,5,3.61,1
15,4,0,0,5,3.61,1
15,4,0,0,5,3.61,1
15,4,0,0,5,3.61,1
15,4,0,0,5,3.61,1
15,4,0,0,5,3.61,1
15,4,0,0,5,3.61,1
15,4,0,0,5,3.61,1
15,4,0,0,5,3.61,1
15,4,0,0,5,3.61,1
15,4,0,0,5,3.61,1
15,4,0,0,5,3.61,1
15,4,0,0,5,3.61,1
15,4,0,0,5,3.61,1
15,4,0,0,5,3.61,1
15,4,0,0,5,3.61,1
15,4,0,0,5,3.61,1
15,4,0,0,5,3.61,1
15,4,0,0,5,3.61,1
15,4,0,0,5,3.61,1
15,4,0,0,5,3.61,1
15,4,0,0,5,3.61,1
15,4,0,0,5,3.61,1
15,4,0,0,5,3.61,1
15,4,0,0,5,3.61,1
15,4,0,0,5,3.61,1
15,4,0,0,5,3.61,1
15,4,0,0,5,3.61,1
15,4,0,0,5,3.61,1
15,4,0,0,5,3.61,1
15,4,0,0,5,3.61,1
15,4,0,0,5,3.61,1
15,4,0,0,5,3.61,1
15,4,0,0,5,3.61,1
15,4,0,0,5,3.61,1
15,4,0,0,5,3.61,1
15,4,0,0,5,3.61,1
15,4,0,0,5,3.61,1
15,4,0,0,5,3.61,1
15,4,0,0,5,3.61,1
15,4,0,0,5,3.61,1
15,4,0,0,5,3.61,1
15,4,0,0,5,3.61,1
15,4,0,0,5,3.61,1
15,4,0,0,5,3.61,1
15,4,0,0,5,3.61,1
16,4,0,0,5,2.21,3
16,4,0,0,5,2.21,3
16,4,0,0,5,2.21,3
16,4,0,0,5,2.21,3
16,4,0,0,5,2.21,3
16,4,0,0,5,2.21,3
16,4,0,0,5,2.21,3
16,4,0,0,5,2.21,3
16,4,0,0,5,2.21,3
16,4,0,0,5,2.21,3
16,4,0,0,5,2.21,3
16,4,0,0,5,2.21,3
16,4,0,0,5,2.21,3
16,4,0,0,5,2.21,3
16,4,0,0,5,2.21,3
16,4,0,0,5,2.21,3
16,4,0,0,5,2.21,3
16,4,0,0,5,2.21,3
16,4,0,0,5,2.21,3
16,4,0,0,5,2.21,3
16,4,0,0,5,2.21,3
16,4,0,0,5,2.21,3
16,4,0,0,5,2.21,3
16,4,0,0,5,2.21,3
16,4,0,0,5,2.21,3
16,4,0,0,5,2.21,3
16,4,0,0,5,2.21,3
16,4,0,0,5,2.21,3
16,4,0,0,5,2.21,3
16,4,0,0,5,2.21,3
16,4,0,0,5,2.21,3
16,4,0,0,5,2.21,3
16,4,0,0,5,2.21,3
16,4,0,0,5,2.21,3
16,4,0,0,5,2.21,3
16,4,0,0,5,2.21,3
16,4,0,0,5,2.21,3
16,4,0,0,5,2.21,3
16,4,0,0,5,2.21,3
16,4,0,0,5,2.21,3
16,4,0,0,5,2.21,3
16,4,0,0,5,2.21,3
16,4,0,0,5,2.21,3
16,4,0,0,5,2.21,3
16,4,0,0,5,2.21,3
16,4,0,0,5,2.21,3
16,4,0,0,5,2.21,3
16,4,0,0,5,2.21,3
16,4,0,0,5,2.21,3
16,4,0,0,5,2.21,3
16,4,0,0,5,2.21,3
16,4,0,0,5,2.21,3
16,4,0,0,5,2.21,3
16,4,0,0,5,2.21,3
16,4,0,0,5,2.21,3
16,4,0,0,5,2.21,3
16,4,0,0,5,2.21,3
16,4,0,0,5,2.21,3
16,4,0,0,5,2.21,3
16,4,0,0,5,2.21,3
17,4,0,0,5,2.91,2
17,4,0,0,5,2.91,2
17,4,0,0,5,2.91,2
17,4,0,0,5,2.91,2
17,4,0,0,6,3.91,2
17,4,0,0,6,3.91,2
17,4,0,0,6,3.91,2
17,4,0,0,6,3.91,2
17,4,0,0,6,3.91,2
17,4,0,0,6,3.91,2
17,4,0,0,6,3.91,2
17,4,0,0,6,3.91,2
17,4,0,0,6,3.91,2
17,4,0,0,6,3.91,2
17,4,0,0,6,3.91,2
17,4,0,0,6,3.91,2
17,4,0,0,6,3.91,2
17,4,0,0,6,3.91,2
17,4,0,0,6,3.91,2
17,4,0,0,6,3.91,2
17,4,0,0,6,3.91,2
17,4,0,0,6,3.91,2
17,4,0,0,6,3.91,2
17,4,0,0,6,3.91,2
17,4,0,0,6,3.91,2
17,4,0,0,6,3.91,2
17,4,0,0,6,3.91,2
17,4,0,0,6,3.91,2
17,4,0,0,6,3.91,2
17,4,0,0,6,3.91,2
17,4,0,0,6,3.91,2
17,4,0,0,6,3.91,2
17,4,0,0,6,3.91,2
17,4,0,0,6,3.91,2
17,4,0,0,6,3.91,2
17,4,0,0,6,3.91,2
17,4,0,0,6,3.91,2
17,4,0,0,6,3.91,2
17,4,0,0,6,3.91,2
17,4,0,0,6,3.91,2
17,4,0,0,6,3.91,2
17,4,0,0,6,3.91,2
17,4,0,0,6,3.91,2
17,4,0,0,6,3.91,2
17,4,0,0,6,3.91,2
17,4,0,0,6,3.91,2
17,4,0,0,6,3.91,2
17,4,0,0,6,3.91,2
17,4,0,0,6,3.91,2
17,4,0,0,6,3.91,2
17,4,0,0,6,3.91,2
17,4,0,0,6,3.91,2
17,4,0,0,6,3.91,2
17,4,0,0,6,3.91,2
17,4,0,0,6,3.91,2
17,4,0,0,6,3.91,2
17,4,0,0,6,3.91,2
17,4,0,0,6,3.91,2
17,4,0,0,6,3.91,2
17,4,0,0,6,3.91,2
18,4,0,0,6,4.33,2
18,4,0,0,6,4.33,2
18,4,0,0,6,4.33,2
18,4,0,0,6,4.33,2
18,4,0,0,6,4.33,2
18,4,0,0,6,4.33,2
18,4,0,0,6,4.33,2
18,4,0,0,6,4.33,2
18,4,0,0,6,4.33,2
18,4,0,0,6,4.33,2
18,4,0,0,6,4.33,2
18,4,0,0,6,4.33,2
18,4,0,0,6,4.33,2
18,4,0,0,6,4.33,2
18,4,0,0,6,4.33,2
18,4,0,0,6,4.33,2
18,4,0,0,6,4.33,2
18,4,0,0,6,4.33,2
18,4,0,0,6,4.33,2
18,4,0,0,6,4.33,2
18,4,0,0,6,4.33,2
18,4,0,0,6,4.33,2
18,4,0,0,6,4.33,2
18,4,0,0,6,4.33,2
18,4,0,0,6,4.33,2
18,4,0,0,6,4.33,2
18,4,0,0,6,4.33,2
18,4,0,0,6,4.33,2
18,4,0,0,6,4.33,2
18,4,0,0,6,4.33,2
18,4,0,0,6,4.33,2
18,4,0,0,6,4.33,2
18,4,0,0,6,4.33,2
18,4,0,0,6,4.33,2
18,4,0,0,6,4.33,2
18,4,0,0,6,4.33,2
18,4,0,0,6,4.33,2
18,4,0,0,6,4.33,2
18,4,0,0,6,4.33,2
18,4,0,0,6,4.33,2
18,4,0,0,6,4.33,2
18,4,0,0,6,4.33,2
18,4,0,0,6,4.33,2
18,4,0,0,6,4.33,2
18,4,0,0,6,4.33,2
18,4,0,0,6,4.33,2
18,4,0,0,6,4.33,2
18,4,0,0,6,4.33,2
18,4,0,0,6,4.33,2
18,4,0,0,6,4.33,2
18,4,0,0,6,4.33,2
18,4,0,0,6,4.33,2
18,4,0,0,6,4.33,2
18,4,0,0,6,4.33,2
18,4,0,0,6,4.33,2
18,4,0,0,6,4.33,2
18,4,0,0,6,4.33,2
18,4,0,0,6,4.33,2
18,4,0,0,6,4.33,2
18,4,0,0,6,4.33,2
19,4,0,0,6,4.22,2
19,4,0,0,6,4.22,2
19,4,0,0,6,4.22,2
19,4,0,0,6,4.22,2
19,4,0,0,6,4.22,2
19,4,0,0,6,4.22,2
19,4,0,0,6,4.22,2
19,4,0,0,6,4.22,2
19,4,0,0,6,4.22,2
19,4,0,0,6,4.22,2
19,4,0,0,6,4.22,2
19,4,0,0,6,4.22,2
19,4,0,0,7,5.22,2
19,4,0,0,7,5.22,2
19,4,0,0,7,5.22,2
19,4,0,0,7,5.22,2
19,4,0,0,7,5.22,2
19,4,0,0,7,5.22,2
19,4,0,0,7,5.22,2
19,4,0,0,7,5.22,2
19,4,0,0,7,5.22,2
19,4,0,0,7,5.22,2
19,4,0,0,7,5.22,2
19,4,0,0,7,5.22,2
19,4,0,0,7,5.22,2
19,4,0,0,7,5.22,2
19,4,0,0,7,5.22,2
19,4,0,0,7,5.22,2
19,4,0,0,7,5.22,2
19,4,0,0,7,5.22,2
19,4,0,0,7,5.22,2
19,4,0,0,7,5.22,2
19,4,0,0,7,5.22,2
19,4,0,0,7,5.22,2
19,4,0,0,7,5.22,2
19,4,0,0,7,5.22,2
19,4,0,0,7,5.22,2
19,4,0,0,7,5.22,2
19,4,0,0,7,5.22,2
19,4,0,0,7,5.22,2
19,4,0,0,7,5.22,2
19,4,0,0,7,5.22,2
19,4,0,0,7,5.22,2
19,4,0,0,7,5.22,2
19,4,0,0,7,5.22,2
19,4,0,0,7,5.22,2
19,4,0,0,7,5.22,2
19,4,0,0,7,5.22,2
19,4,0,0,7,5.22,2
19,4,0,0,7,5.22,2
19,4,0,0,7,5.22,2
19,4,0,0,7,5.22,2
19,4,0,0,6,4.22,2
19,4,0,0,6,4.22,2
19,4,0,0,6,4.22,2
19,4,0,0,6,4.22,2
19,4,0,0,6,4.22,2
19,4,0,0,6,4.22,2
19,4,0,0,6,4.22,2
19,4,0,0,6,4.22,2
20,4,0,0,6,4.0,2
20,4,0,0,6,4.0,2
20,4,0,0,6,4.0,2
20,4,0,0,6,4.0,2
20,4,0,0,6,4.0,2
20,4,0,0,6,4.0,2
20,4,0,0,6,4.0,2
20,4,0,0,6,4.0,2
20,4,0,0,6,4.0,2
20,4,0,0,6,4.0,2
20,4,0,0,6,4.0,2
20,4,0,0,6,4.0,2
20,4,0,0,6,4.0,2
20,4,0,0,6,4.0,2
20,4,0,0,6,4.0,2
20,4,0,0,6,4.0,2
20,4,0,0,6,4.0,2
20,4,0,0,6,4.0,2
20,4,0,0,6,4.0,2
20,4,0,0,6,4.0,2
20,4,0,0,6,4.0,2
20,4,0,0,6,4.0,2
20,4,0,0,6,4.0,2
20,4,0,0,6,4.0,2
20,4,0,0,6,4.0,2
20,4,0,0,6,4.0,2
20,4,0,0,6,4.0,2
20,4,0,0,6,4.0,2
20,4,0,0,6,4.0,2
20,4,0,0,6,4.0,2
20,4,0,0,6,4.0,2
20,4,0,0,6,4.0,2
20,4,0,0,6,4.0,2
20,4,0,0,6,4.0,2
20,4,0,0,6,4.0,2
20,4,0,0,6,4.0,2
20,4,0,0,6,4.0,2
20,4,0,0,6,4.0,2
20,4,0,0,6,4.0,2
20,4,0,0,6,4.0,2
20,4,0,0,6,4.0,2
20,4,0,0,6,4.0,2
20,4,0,0,6,4.0,2
20,4,0,0,6,4.0,2
20,4,0,0,6,4.0,2
20,4,0,0,6,4.0,2
20,4,0,0,6,4.0,2
20,4,0,0,6,4.0,2
20,4,0,0,6,4.0,2
20,4,0,0,6,4.0,2
20,4,0,0,6,4.0,2
20,4,0,0,6,4.0,2
20,4,0,0,6,4.0,2
20,4,0,0,6,4.0,2
20,4,0,0,6,4.0,2
20,4,0,0,6,4.0,2
20,4,0,0,6,4.0,2
20,4,0,0,6,4.0,2
20,4,0,0,6,4.0,2
20,4,0,0,6,4.0,2
21,4,0,0,6,4.0,2
21,4,0,0,6,4.0,2
21,4,0,0,6,4.0,2
21,4,0,0,6,4.0,2
21,4,0,0,6,4.0,2
21,4,0,0,6,4.0,2
21,4,0,0,6,4.0,2
21,4,0,0,6,4.0,2
21,4,0,0,6,4.0,2
21,4,0,0,6,4.0,2
21,4,0,0,6,4.0,2
21,4,0,0,6,4.0,2
21,4,0,0,6,4.0,2
21,4,0,0,6,4.0,2
21,4,0,0,6,4.0,2
21,4,0,0,6,4.0,2
21,4,0,0,6,4.0,2
21,4,0,0,6,4.0,2
21,4,0,0,6,4.0,2
21,4,0,0,6,4.0,2
21,4,0,0,6,4.0,2
21,4,0,0,6,4.0,2
21,4,0,0,6,4.0,2
21,4,0,0,6,4.0,2
21,4,0,0,6,4.0,2
21,4,0,0,6,4.0,2
21,4,0,0,6,4.0,2
21,4,0,0,6,4.0,2
21,4,0,0,6,4.0,2
21,4,0,0,6,4.0,2
21,4,0,0,6,4.0,2
21,4,0,0,6,4.0,2
21,4,0,0,6,4.0,2
21,4,0,0,6,4.0,2
21,4,0,0,6,4.0,2
21,4,0,0,6,4.0,2
21,4,0,0,6,4.0,2
21,4,0,0,6,4.0,2
21,4,0,0,6,4.0,2
21,4,0,0,6,4.0,2
21,4,0,0,6,4.0,2
21,4,0,0,6,4.0,2
21,4,0,0,6,4.0,2
21,4,0,0,6,4.0,2
21,4,0,0,6,4.0,2
21,4,0,0,6,4.0,2
21,4,0,0,6,4.0,2
21,4,0,0,6,4.0,2
21,4,0,0,6,4.0,2
21,4,0,0,6,4.0,2
21,4,0,0,6,4.0,2
21,4,0,0,6,4.0,2
21,4,0,0,6,4.0,2
21,4,0,0,6,4.0,2
21,4,0,0,6,4.0,2
21,4,0,0,6,4.0,2
21,4,0,0,6,4.0,2
21,4,0,0,6,4.0,2
21,4,0,0,6,4.0,2
21,4,0,0,6,4.0,2
22,4,0,0,6,4.0,2
22,4,0,0,6,4.0,2
22,4,0,0,6,4.0,2
22,4,0,0,6,4.0,2
22,4,0,0,6,4.0,2
22,4,0,0,6,4.0,2
22,4,0,0,6,4.0,2
22,4,0,0,6,4.0,2
22,4,0,0,6,4.0,2
22,4,0,0,6,4.0,2
22,4,0,0,6,4.0,2
22,4,0,0,6,4.0,2
22,4,0,0,6,4.0,2
22,4,0,0,6,4.0,2
22,4,0,0,6,4.0,2
22,4,0,0,6,4.0,2
22,4,0,0,6,4.0,2
22,4,0,0,6,4.0,2
22,4,0,0,6,4.0,2
22,4,0,0,6,4.0,2
22,4,0,0,6,4.0,2
22,4,0,0,6,4.0,2
22,4,0,0,6,4.0,2
22,4,0,0,6,4.0,2
22,4,0,0,6,4.0,2
22,4,0,0,6,4.0,2
22,4,0,0,6,4.0,2
22,4,0,0,6,4.0,2
22,4,0,0,6,4.0,2
22,4,0,0,6,4.0,2
22,4,0,0,6,4.0,2
22,4,0,0,6,4.0,2
22,4,0,0,6,4.0,2
22,4,0,0,6,4.0,2
22,4,0,0,6,4.0,2
22,4,0,0,6,4.0,2
22,4,0,0,6,4.0,2
22,4,0,0,6,4.0,2
22,4,0,0,6,4.0,2
22,4,0,0,6,4.0,2
22,4,0,0,6,4.0,2
22,4,0,0,6,4.0,2
22,4,0,0,6,4.0,2
22,4,0,0,6,4.0,2
22,4,0,0,6,4.0,2
22,4,0,0,6,4.0,2
22,4,0,0,6,4.0,2
22,4,0,0,6,4.0,2
22,4,0,0,6,4.0,2
22,4,0,0,6,4.0,2
22,4,0,0,6,4.0,2
22,4,0,0,6,4.0,2
22,4,0,0,6,4.0,2
22,4,0,0,6,4.0,2
22,4,0,0,6,4.0,2
22,4,0,0,6,4.0,2
22,4,0,0,6,4.0,2
22,4,0,0,6,4.0,2
22,4,0,0,6,4.0,2
22,4,0,0,6,4.0,2
23,4,0,0,6,4.0,2
23,4,0,0,6,4.0,2
23,4,0,0,6,4.0,2
23,4,0,0,6,4.0,2
23,4,0,0,6,4.0,2
23,4,0,0,6,4.0,2
23,4,0,0,6,4.0,2
23,4,0,0,6,4.0,2
23,4,0,0,6,4.0,2
23,4,0,0,6,4.0,2
23,4,0,0,6,4.0,2
23,4,0,0,6,4.0,2
23,4,0,0,6,4.0,2
23,4,0,0,6,4.0,2
23,4,0,0,6,4.0,2
23,4,0,0,6,4.0,2
23,4,0,0,6,4.0,2
23,4,0,0,6,4.0,2
23,4,0,0,6,4.0,2
23,4,0,0,6,4.0,2
23,4,0,0,6,4.0,2
23,4,0,0,6,4.0,2
23,4,0,0,6,4.0,2
23,4,0,0,6,4.0,2
23,4,0,0,6,4.0,2
23,4,0,0,6,4.0,2
23,4,0,0,6,4.0,2
23,4,0,0,6,4.0,2
23,4,0,0,6,4.0,2
23,4,0,0,6,4.0,2
23,4,0,0,6,4.0,2
23,4,0,0,6,4.0,2
23,4,0,0,6,4.0,2
23,4,0,0,6,4.0,2
23,4,0,0,6,4.0,2
23,4,0,0,6,4.0,2
23,4,0,0,6,4.0,2
23,4,0,0,6,4.0,2
23,4,0,0,6,4.0,2
23,4,0,0,6,4.0,2
23,4,0,0,6,4.0,2
23,4,0,0,6,4.0,2
23,4,0,0,6,4.0,2
23,4,0,0,6,4.0,2
23,4,0,0,6,4.0,2
23,4,0,0,6,4.0,2
23,4,0,0,6,4.0,2
23,4,0,0,6,4.0,2
23,4,0,0,6,4.0,2
23,4,0,0,6,4.0,2
23,4,0,0,6,4.0,2
23,4,0,0,6,4.0,2
23,4,0,0,6,4.0,2
23,4,0,0,6,4.0,2
23,4,0,0,6,4.0,2
23,4,0,0,6,4.0,2
23,4,0,0,6,4.0,2
23,4,0,0,6,4.0,2
23,4,0,0,6,4.0,2
23,4,0,0,6,4.0,2
0,5,0,1,6,4.0,2
0,5,0,1,6,4.0,2
0,5,0,1,6,4.0,2
0,5,0,1,6,4.0,2
0,5,0,1,6,4.0,2
0,5,0,1,6,4.0,2
0,5,0,1,6,4.0,2
0,5,0,1,6,4.0,2
0,5,0,1,6,4.0,2
0,5,0,1,6,4.0,2
0,5,0,1,6,4.0,2
0,5,0,1,6,4.0,2
0,5,0,1,6,4.0,2
0,5,0,1,6,4.0,2
0,5,0,1,6,4.0,2
0,5,0,1,6,4.0,2
0,5,0,1,6,4.0,2
0,5,0,1,6,4.0,2
0,5,0,1,6,4.0,2
0,5,0,1,6,4.0,2
0,5,0,1,6,4.0,2
0,5,0,1,6,4.0,2
0,5,0,1,6,4.0,2
0,5,0,1,6,4.0,2
0,5,0,1,6,4.0,2
0,5,0,1,6,4.0,2
0,5,0,1,6,4.0,2
0,5,0,1,6,4.0,2
0,5,0,1,6,4.0,2
0,5,0,1,6,4.0,2
0,5,0,1,6,4.0,2
0,5,0,1,6,4.0,2
0,5,0,1,6,4.0,2
0,5,0,1,6,4.0,2
0,5,0,1,6,4.0,2
0,5,0,1,6,4.0,2
0,5,0,1,6,4.0,2
0,5,0,1,6,4.0,2
0,5,0,1,6,4.0,2
0,5,0,1,6,4.0,2
0,5,0,1,6,4.0,2
0,5,0,1,6,4.0,2
0,5,0,1,6,4.0,2
0,5,0,1,6,4.0,2
0,5,0,1,6,4.0,2
0,5,0,1,6,4.0,2
0,5,0,1,6,4.0,2
0,5,0,1,6,4.0,2
0,5,0,1,6,4.0,2
0,5,0,1,6,4.0,2
0,5,0,1,6,4.0,2
0,5,0,1,6,4.0,2
0,5,0,1,6,4.0,2
0,5,0,1,6,4.0,2
0,5,0,1,6,4.0,2
0,5,0,1,6,4.0,2
0,5,0,1,6,4.0,2
0,5,0,1,6,4.0,2
0,5,0,1,6,4.0,2
0,5,0,1,6,4.0,2
1,5,0,1,6,4.0,2
1,5,0,1,6,4.0,2
1,5,0,1,6,4.0,2
1,5,0,1,6,4.0,2
1,5,0,1,6,4.0,2
1,5,0,1,6,4.0,2
1,5,0,1,6,4.0,2
1,5,0,1,6,4.0,2
1,5,0,1,6,4.0,2
1,5,0,1,6,4.0,2
1,5,0,1,6,4.0,2
1,5,0,1,6,4.0,2
1,5,0,1,6,4.0,2
1,5,0,1,6,4.0,2
1,5,0,1,6,4.0,2
1,5,0,1,6,4.0,2
1,5,0,1,6,4.0,2
1,5,0,1,6,4.0,2
1,5,0,1,6,4.0,2
1,5,0,1,6,4.0,2
1,5,0,1,6,4.0,2
1,5,0,1,6,4.0,2
1,5,0,1,6,4.0,2
1,5,0,1,6,4.0,2
1,5,0,1,6,4.0,2
1,5,0,1,6,4.0,2
1,5,0,1,6,4.0,2
1,5,0,1,6,4.0,2
1,5,0,1,6,4.0,2
1,5,0,1,6,4.0,2
1,5,0,1,6,4.0,2
1,5,0,1,6,4.0,2
1,5,0,1,6,4.0,2
1,5,0,1,6,4.0,2
1,5,0,1,6,4.0,2
1,5,0,1,6,4.0,2
1,5,0,1,6,4.0,2
1,5,0,1,6,4.0,2
1,5,0,1,6,4.0,2
1,5,0,1,6,4.0,2
1,5,0,1,6,4.0,2
1,5,0,1,6,4.0,2
1,5,0,1,6,4.0,2
1,5,0,1,6,4.0,2
1,5,0,1,6,4.0,2
1,5,0,1,6,4.0,2
1,5,0,1,6,4.0,2
1,5,0,1,6,4.0,2
1,5,0,1,6,4.0,2
1,5,0,1,6,4.0,2
1,5,0,1,6,4.0,2
1,5,0,1,6,4.0,2
1,5,0,1,6,4.0,2
1,5,0,1,6,4.0,2
1,5,0,1,6,4.0,2
1,5,0,1,6,4.0,2
1,5,0,1,6,4.0,2
1,5,0,1,6,4.0,2
1,5,0,1,6,4.0,2
1,5,0,1,6,4.0,2
2,5,0,1,6,4.0,2
2,5,0,1,6,4.0,2
2,5,0,1,6,4.0,2
2,5,0,1,6,4.0,2
2,5,0,1,6,4.0,2
2,5,0,1,6,4.0,2
2,5,0,1,6,4.0,2
2,5,0,1,6,4.0,2
2,5,0,1,6,4.0,2
2,5,0,1,6,4.0,2
2,5,0,1,6,4.0,2
2,5,0,1,6,4.0,2
2,5,0,1,6,4.0,2
2,5,0,1,6,4.0,2
2,5,0,1,6,4.0,2
2,5,0,1,6,4.0,2
2,5,0,1,6,4.0,2
2,5,0,1,6,4.0,2
2,5,0,1,6,4.0,2
2,5,0,1,6,4.0,2
2,5,0,1,6,4.0,2
2,5,0,1,6,4.0,2
2,5,0,1,6,4.0,2
2,5,0,1,6,4.0,2
2,5,0,1,6,4.0,2
2,5,0,1,6,4.0,2
2,5,0,1,6,4.0,2
2,5,0,1,6,4.0,2
2,5,0,1,6,4.0,2
2,5,0,1,6,4.0,2
2,5,0,1,6,4.0,2
2,5,0,1,6,4.0,2
2,5,0,1,6,4.0,2
2,5,0,1,6,4.0,2
2,5,0,1,6,4.0,2
2,5,0,1,6,4.0,2
2,5,0,1,6,4.0,2
2,5,0,1,6,4.0,2
2,5,0,1,6,4.0,2
2,5,0,1,6,4.0,2
2,5,0,1,6,4.0,2
2,5,0,1,6,4.0,2
2,5,0,1,6,4.0,2
2,5,0,1,6,4.0,2
2,5,0,1,6,4.0,2
2,5,0,1,6,4.0,2
2,5,0,1,6,4.0,2
2,5,0,1,6,4.0,2
2,5,0,1,6,4.0,2
2,5,0,1,6,4.0,2
2,5,0,1,6,4.0,2
2,5,0,1,6,4.0,2
2,5,0,1,6,4.0,2
2,5,0,1,6,4.0,2
2,5,0,1,6,4.0,2
2,5,0,1,6,4.0,2
2,5,0,1,6,4.0,2
2,5,0,1,6,4.0,2
2,5,0,1,6,4.0,2
2,5,0,1,6,4.0,2
3,5,0,1,6,4.0,2
3,5,0,1,6,4.0,2
3,5,0,1,6,4.0,2
3,5,0,1,6,4.0,2
3,5,0,1,6,4.0,2
3,5,0,1,6,4.0,2
3,5,0,1,6,4.0,2
3,5,0,1,6,4.0,2
3,5,0,1,6,4.0,2
3,5,0,1,6,4.0,2
3,5,0,1,6,4.0,2
3,5,0,1,6,4.0,2
3,5,0,1,6,4.0,2
3,5,0,1,6,4.0,2
3,5,0,1,6,4.0,2
3,5,0,1,6,4.0,2
3,5,0,1,6,4.0,2
3,5,0,1,6,4.0,2
3,5,0,1,6,4.0,2
3,5,0,1,6,4.0,2
3,5,0,1,6,4.0,2
3,5,0,1,6,4.0,2
3,5,0,1,6,4.0,2
3,5,0,1,6,4.0,2
3,5,0,1,6,4.0,2
3,5,0,1,6,4.0,2
3,5,0,1,6,4.0,2
3,5,0,1,6,4.0,2
3,5,0,1,6,4.0,2
3,5,0,1,6,4.0,2
3,5,0,1,6,4.0,2
3,5,0,1,6,4.0,2
3,5,0,1,6,4.0,2
3,5,0,1,6,4.0,2
3,5,0,1,6,4.0,2
3,5,0,1,6,4.0,2
3,5,0,1,6,4.0,2
3,5,0,1,6,4.0,2
3,5,0,1,6,4.0,2
3,5,0,1,6,4.0,2
3,5,0,1,6,4.0,2
3,5,0,1,6,4.0,2
3,5,0,1,6,4.0,2
3,5,0,1,6,4.0,2
3,5,0,1,6,4.0,2
3,5,0,1,6,4.0,2
3,5,0,1,6,4.0,2
3,5,0,1,6,4.0,2
3,5,0,1,6,4.0,2
3,5,0,1,6,4.0,2
3,5,0,1,6,4.0,2
3,5,0,1,6,4.0,2
3,5,0,1,6,4.0,2
3,5,0,1,6,4.0,2
3,5,0,1,6,4.0,2
3,5,0,1,6,4.0,2
3,5,0,1,6,4.0,2
3,5,0,1,6,4.0,2
3,5,0,1,6,4.0,2
3,5,0,1,6,4.0,2
4,5,0,1,6,4.0,2
4,5,0,1,6,4.0,2
4,5,0,1,6,4.0,2
4,5,0,1,6,4.0,2
4,5,0,1,6,4.0,2
4,5,0,1,6,4.0,2
4,5,0,1,6,4.0,2
4,5,0,1,6,4.0,2
4,5,0,1,6,4.0,2
4,5,0,1,6,4.0,2
4,5,0,1,6,4.0,2
4,5,0,1,6,4.0,2
4,5,0,1,6,4.0,2
4,5,0,1,6,4.0,2
4,5,0,1,6,4.0,2
4,5,0,1,6,4.0,2
4,5,0,1,6,4.0,2
4,5,0,1,6,4.0,2
4,5,0,1,6,4.0,2
4,5,0,1,6,4.0,2
4,5,0,1,6,4.0,2
4,5,0,1,6,4.0,2
4,5,0,1,6,4.0,2
4,5,0,1,6,4.0,2
4,5,0,1,6,4.0,2
4,5,0,1,6,4.0,2
4,5,0,1,6,4.0,2
4,5,0,1,6,4.0,2
4,5,0,1,6,4.0,2
4,5,0,1,6,4.0,2
4,5,0,1,6,4.0,2
4,5,0,1,6,4.0,2
4,5,0,1,6,4.0,2
4,5,0,1,6,4.0,2
4,5,0,1,6,4.0,2
4,5,0,1,6,4.0,2
4,5,0,1,6,4.0,2
4,5,0,1,6,4.0,2
4,5,0,1,6,4.0,2
4,5,0,1,6,4.0,2
4,5,0,1,6,4.0,2
4,5,0,1,6,4.0,2
4,5,0,1,6,4.0,2
4,5,0,1,6,4.0,2
4,5,0,1,6,4.0,2
4,5,0,1,6,4.0,2
4,5,0,1,6,4.0,2
4,5,0,1,6,4.0,2
4,5,0,1,6,4.0,2
4,5,0,1,6,4.0,2
4,5,0,1,6,4.0,2
4,5,0,1,6,4.0,2
4,5,0,1,6,4.0,2
4,5,0,1,6,4.0,2
4,5,0,1,6,4.0,2
4,5,0,1,6,4.0,2
4,5,0,1,6,4.0,2
4,5,0,1,6,4.0,2
4,5,0,1,6,4.0,2
4,5,0,1,6,4.0,2
5,5,0,1,6,4.0,2
5,5,0,1,6,4.0,2
5,5,0,1,6,4.0,2
5,5,0,1,6,4.0,2
5,5,0,1,6,4.0,2
5,5,0,1,6,4.0,2
5,5,0,1,6,4.0,2
5,5,0,1,6,4.0,2
5,5,0,1,6,4.0,2
5,5,0,1,6,4.0,2
5,5,0,1,6,4.0,2
5,5,0,1,6,4.0,2
5,5,0,1,6,4.0,2
5,5,0,1,6,4.0,2
5,5,0,1,6,4.0,2
5,5,0,1,6,4.0,2
5,5,0,1,6,4.0,2
5,5,0,1,6,4.0,2
5,5,0,1,6,4.0,2
5,5,0,1,6,4.0,2
5,5,0,1,6,4.0,2
5,5,0,1,6,4.0,2
5,5,0,1,6,4.0,2
5,5,0,1,6,4.0,2
5,5,0,1,6,4.0,2
5,5,0,1,6,4.0,2
5,5,0,1,6,4.0,2
5,5,0,1,6,4.0,2
5,5,0,1,6,4.0,2
5,5,0,1,6,4.0,2
5,5,0,1,6,4.0,2
5,5,0,1,6,4.0,2
5,5,0,1,6,4.0,2
5,5,0,1,6,4.0,2
5,5,0,1,6,4.0,2
5,5,0,1,6,4.0,2
5,5,0,1,6,4.0,2
5,5,0,1,6,4.0,2
5,5,0,1,6,4.0,2
5,5,0,1,6,4.0,2
5,5,0,1,6,4.0,2
5,5,0,1,6,4.0,2
5,5,0,1,6,4.0,2
5,5,0,1,6,4.0,2
5,5,0,1,6,4.0,2
5,5,0,1,6,4.0,2
5,5,0,1,6,4.0,2
5,5,0,1,6,4.0,2
5,5,0,1,6,4.0,2
5,5,0,1,6,4.0,2
5,5,0,1,6,4.0,2
5,5,0,1,6,4.0,2
5,5,0,1,6,4.0,2
5,5,0,1,6,4.0,2
5,5,0,1,6,4.0,2
5,5,0,1,6,4.0,2
5,5,0,1,6,4.0,2
5,5,0,1,6,4.0,2
5,5,0,1,6,4.0,2
5,5,0,1,6,4.0,2
6,5,0,1,6,4.0,2
6,5,0,1,6,4.0,2
6,5,0,1,6,4.0,2
6,5,0,1,6,4.0,2
6,5,0,1,6,4.0,2
6,5,0,1,6,4.0,2
6,5,0,1,6,4.0,2
6,5,0,1,6,4.0,2
6,5,0,1,6,4.0,2
6,5,0,1,6,4.0,2
6,5,0,1,6,4.0,2
6,5,0,1,6,4.0,2
6,5,0,1,6,4.0,2
6,5,0,1,6,4.0,2
6,5,0,1,6,4.0,2
6,5,0,1,6,4.0,2
6,5,0,1,6,4.0,2
6,5,0,1,6,4.0,2
6,5,0,1,6,4.0,2
6,5,0,1,6,4.0,2
6,5,0,1,6,4.0,2
6,5,0,1,6,4.0,2
6,5,0,1,6,4.0,2
6,5,0,1,6,4.0,2
6,5,0,1,6,4.0,2
6,5,0,1,6,4.0,2
6,5,0,1,6,4.0,2
6,5,0,1,6,4.0,2
6,5,0,1,6,4.0,2
6,5,0,1,6,4.0,2
6,5,0,1,6,4.0,2
6,5,0,1,6,4.0,2
6,5,0,1,6,4.0,2
6,5,0,1,6,4.0,2
6,5,0,1,6,4.0,2
6,5,0,1,6,4.0,2
6,5,0,1,6,4.0,2
6,5,0,1,6,4.0,2
6,5,0,1,6,4.0,2
6,5,0,1,6,4.0,2
6,5,0,1,6,4.0,2
6,5,0,1,6,4.0,2
6,5,0,1,6,4.0,2
6,5,0,1,6,4.0,2
6,5,0,1,6,4.0,2
6,5,0,1,6,4.0,2
6,5,0,1,6,4.0,2
6,5,0,1,6,4.0,2
6,5,0,1,6,4.0,2
6,5,0,1,6,4.0,2
6,5,0,1,6,4.0,2
6,5,0,1,6,4.0,2
6,5,0,1,6,4.0,2
6,5,0,1,6,4.0,2
6,5,0,1,6,4.0,2
6,5,0,1,6,4.0,2
6,5,0,1,6,4.0,2
6,5,0,1,6,4.0,2
6,5,0,1,6,4.0,2
6,5,0,1,6,4.0,2
7,5,0,1,6,4.0,2
7,5,0,1,6,4.0,2
7,5,0,1,6,4.0,2
7,5,0,1,6,4.0,2
7,5,0,1,6,4.0,2
7,5,0,1,6,4.0,2
7,5,0,1,6,4.0,2
7,5,0,1,6,4.0,2
7,5,0,1,6,4.0,2
7,5,0,1,6,4.0,2
7,5,0,1,6,4.0,2
7,5,0,1,6,4.0,2
7,5,0,1,6,4.0,2
7,5,0,1,6,4.0,2
7,5,0,1,6,4.0,2
7,5,0,1,6,4.0,2
7,5,0,1,6,4.0,2
7,5,0,1,6,4.0,2
7,5,0,1,6,4.0,2
7,5,0,1,6,4.0,2
7,5,0,1,6,4.0,2
7,5,0,1,6,4.0,2
7,5,0,1,6,4.0,2
7,5,0,1,6,4.0,2
7,5,0,1,6,4.0,2
7,5,0,1,6,4.0,2
7,5,0,1,6,4.0,2
7,5,0,1,6,4.0,2
7,5,0,1,6,4.0,2
7,5,0,1,6,4.0,2
7,5,0,1,6,4.0,2
7,5,0,1,6,4.0,2
7,5,0,1,6,4.0,2
7,5,0,1,6,4.0,2
7,5,0,1,6,4.0,2
7,5,0,1,6,4.0,2
7,5,0,1,6,4.0,2
7,5,0,1,6,4.0,2
7,5,0,1,6,4.0,2
7,5,0,1,6,4.0,2
7,5,0,1,6,4.0,2
7,5,0,1,6,4.0,2
7,5,0,1,6,4.0,2
7,5,0,1,6,4.0,2
7,5,0,1,6,4.0,2
7,5,0,1,6,4.0,2
7,5,0,1,6,4.0,2
7,5,0,1,6,4.0,2
7,5,0,1,6,4.0,2
7,5,0,1,6,4.0,2
7,5,0,1,6,4.0,2
7,5,0,1,6,4.0,2
7,5,0,1,6,4.0,2
7,5,0,1,6,4.0,2
7,5,0,1,6,4.0,2
7,5,0,1,6,4.0,2
7,5,0,1,6,4.0,2
7,5,0,1,6,4.0,2
7,5,0,1,6,4.0,2
7,5,0,1,6,4.0,2
8,5,0,1,6,4.0,2
8,5,0,1,6,4.0,2
8,5,0,1,6,4.0,2
8,5,0,1,6,4.0,2
8,5,0,1,6,4.0,2
8,5,0,1,6,4.0,2
8,5,0,1,6,4.0,2
8,5,0,1,6,4.0,2
8,5,0,1,6,4.0,2
8,5,0,1,6,4.0,2
8,5,0,1,6,4.0,2
8,5,0,1,6,4.0,2
8,5,0,1,6,4.0,2
8,5,0,1,6,4.0,2
8,5,0,1,6,4.0,2
8,5,0,1,6,4.0,2
8,5,0,1,6,4.0,2
8,5,0,1,6,4.0,2
8,5,0,1,6,4.0,2
8,5,0,1,6,4.0,2
8,5,0,1,6,4.0,2
8,5,0,1,6,4.0,2
8,5,0,1,6,4.0,2
8,5,0,1,6,4.0,2
8,5,0,1,6,4.0,2
8,5,0,1,6,4.0,2
8,5,0,1,6,4.0,2
8,5,0,1,6,4.0,2
8,5,0,1,6,4.0,2
8,5,0,1,6,4.0,2
8,5,0,1,6,4.0,2
8,5,0,1,6,4.0,2
8,5,0,1,7,5.0,2
8,5,0,1,7,5.0,2
8,5,0,1,7,5.0,2
8,5,0,1,7,5.0,2
8,5,0,1,7,0.89,6
8,5,0,1,7,0.89,6
8,5,0,1,7,0.89,6
8,5,0,1,7,0.89,6
8,5,0,1,7,0.89,6
8,5,0,1,7,0.89,6
8,5,0,1,7,0.89,6
8,5,0,1,7,0.89,6
8,5,0,1,7,0.89,6
8,5,0,1,7,0.89,6
8,5,0,1,7,0.89,6
8,5,0,1,7,0.89,6
8,5,0,1,7,0.89,6
8,5,0,1,7,0.89,6
8,5,0,1,7,0.89,6
8,5,0,1,7,0.89,6
8,5,0,1,7,0.89,6
8,5,0,1,7,0.89,6
8,5,0,1,7,0.89,6
8,5,0,1,7,0.89,6
8,5,0,1,7,0.89,6
8,5,0,1,7,0.89,6
8,5,0,1,7,0.89,6
8,5,0,1,7,0.89,6
9,5,0,1,7,0.89,6
9,5,0,1,7,0.89,6
9,5,0,1,7,0.89,6
9,5,0,1,7,0.89,6
9,5,0,1,7,0.89,6
9,5,0,1,7,0.89,6
9,5,0,1,7,0.89,6
9,5,0,1,7,0.89,6
9,5,0,1,7,0.89,6
9,5,0,1,7,0.89,6
9,5,0,1,7,0.89,6
9,5,0,1,7,0.89,6
9,5,0,1,7,0.89,6
9,5,0,1,7,0.89,6
9,5,0,1,7,0.89,6
9,5,0,1,7,0.89,6
9,5,0,1,7,0.89,6
9,5,0,1,7,0.89,6
9,5,0,1,7,0.89,6
9,5,0,1,7,0.89,6
9,5,0,1,7,0.89,6
9,5,0,1,7,0.89,6
9,5,0,1,7,0.89,6
9,5,0,1,7,0.89,6
9,5,0,1,7,0.89,6
9,5,0,1,7,0.89,6
9,5,0,1,7,0.89,6
9,5,0,1,7,0.89,6
9,5,0,1,7,0.89,6
9,5,0,1,7,0.89,6
9,5,0,1,7,0.89,6
9,5,0,1,7,0.89,6
9,5,0,1,7,0.89,6
9,5,0,1,7,0.89,6
9,5,0,1,7,0.89,6
9,5,0,1,7,0.89,6
9,5,0,1,7,0.89,6
9,5,0,1,7,0.89,6
9,5,0,1,7,0.89,6
9,5,0,1,7,0.89,6
9,5,0,1,7,0.89,6
9,5,0,1,7,0.89,6
9,5,0,1,7,0.89,6
9,5,0,1,7,0.89,6
9,5,0,1,7,0.89,6
9,5,0,1,7,0.89,6
9,5,0,1,7,0.89,6
9,5,0,1,7,0.89,6
9,5,0,1,7,0.89,6
9,5,0,1,7,0.89,6
9,5,0,1,7,0.89,6
9,5,0,1,7,0.89,6
9,5,0,1,7,0.89,6
9,5,0,1,7,0.89,6
9,5,0,1,7,0.89,6
9,5,0,1,7,0.89,6
9,5,0,1,7,0.89,6
9,5,0,1,8,1.89,6
9,5,0,1,8,1.89,6
9,5,0,1,8,1.89,6
10,5,0,1,8,2.0,6
10,5,0,1,8,2.0,6
10,5,0,1,8,2.0,6
10,5,0,1,8,2.0,6
10,5,0,1,8,2.0,6
10,5,0,1,8,2.0,6
10,5,0,1,8,2.0,6
10,5,0,1,8,2.0,6
10,5,0,1,8,2.0,6
10,5,0,1,8,2.0,6
10,5,0,1,8,2.0,6
10,5,0,1,8,2.0,6
10,5,0,1,8,2.0,6
10,5,0,1,8,2.0,6
10,5,0,1,8,2.0,6
10,5,0,1,8,2.0,6
10,5,0,1,8,2.0,6
10,5,0,1,8,2.0,6
10,5,0,1,8,2.0,6
10,5,0,1,8,2.0,6
10,5,0,1,8,2.0,6
10,5,0,1,8,2.0,6
10,5,0,1,8,2.0,6
10,5,0,1,8,2.0,6
10,5,0,1,8,2.0,6
10,5,0,1,8,2.0,6
10,5,0,1,8,2.0,6
10,5,0,1,8,2.0,6
10,5,0,1,8,2.0,6
10,5,0,1,8,2.0,6
10,5,0,1,8,2.0,6
10,5,0,1,8,2.0,6
10,5,0,1,8,2.0,6
10,5,0,1,8,2.0,6
10,5,0,1,8,2.0,6
10,5,0,1,8,2.0,6
10,5,0,1,8,2.0,6
10,5,0,1,8,2.0,6
10,5,0,1,8,2.0,6
10,5,0,1,8,2.0,6
10,5,0,1,8,2.0,6
10,5,0,1,8,2.0,6
10,5,0,1,8,2.0,6
10,5,0,1,8,2.0,6
10,5,0,1,8,2.0,6
10,5,0,1,8,2.0,6
10,5,0,1,8,2.0,6
10,5,0,1,8,2.0,6
10,5,0,1,8,2.0,6
10,5,0,1,8,2.0,6
10,5,0,1,8,2.0,6
10,5,0,1,8,2.0,6
10,5,0,1,8,2.0,6
10,5,0,1,8,2.0,6
10,5,0,1,8,2.0,6
10,5,0,1,8,2.0,6
10,5,0,1,8,2.0,6
10,5,0,1,8,2.0,6
10,5,0,1,8,2.0,6
10,5,0,1,8,2.0,6
11,5,0,1,8,2.0,6
11,5,0,1,8,2.0,6
11,5,0,1,8,2.0,6
11,5,0,1,8,2.0,6
11,5,0,1,8,2.0,6
11,5,0,1,8,2.0,6
11,5,0,1,8,2.0,6
11,5,0,1,9,3.0,6
11,5,0,1,9,3.0,6
11,5,0,1,9,3.0,6
11,5,0,1,9,3.0,6
11,5,0,1,9,3.0,6
11,5,0,1,9,3.0,6
11,5,0,1,9,3.0,6
11,5,0,1,9,3.0,6
11,5,0,1,9,3.0,6
11,5,0,1,9,3.0,6
11,5,0,1,9,3.0,6
11,5,0,1,9,3.0,6
11,5,0,1,9,3.0,6
11,5,0,1,9,3.0,6
11,5,0,1,9,3.0,6
11,5,0,1,9,3.0,6
11,5,0,1,9,3.0,6
11,5,0,1,9,3.0,6
11,5,0,1,9,3.0,6
11,5,0,1,9,3.0,6
11,5,0,1,9,3.0,6
11,5,0,1,9,3.0,6
11,5,0,1,9,3.0,6
11,5,0,1,9,3.0,6
11,5,0,1,9,3.0,6
11,5,0,1,9,3.0,6
11,5,0,1,9,3.0,6
11,5,0,1,9,3.0,6
11,5,0,1,9,3.0,6
11,5,0,1,9,3.0,6
11,5,0,1,9,3.0,6
11,5,0,1,9,3.0,6
11,5,0,1,9,3.0,6
11,5,0,1,9,3.0,6
11,5,0,1,9,3.0,6
11,5,0,1,9,3.0,6
11,5,0,1,9,3.0,6
11,5,0,1,9,3.0,6
11,5,0,1,9,3.0,6
11,5,0,1,9,3.0,6
11,5,0,1,9,3.0,6
11,5,0,1,9,3.0,6
11,5,0,1,9,3.0,6
11,5,0,1,8,2.0,6
11,5,0,1,8,2.0,6
11,5,0,1,8,2.0,6
11,5,0,1,8,2.0,6
11,5,0,1,8,2.0,6
11,5,0,1,8,2.0,6
11,5,0,1,8,2.0,6
11,5,0,1,8,2.0,6
11,5,0,1,8,2.0,6
11,5,0,1,8,2.0,6
12,5,0,1,7,1.21,6
12,5,0,1,7,1.21,6
12,5,0,1,7,1.21,6
12,5,0,1,7,1.21,6
12,5,0,1,7,1.21,6
12,5,0,1,7,1.21,6
12,5,0,1,7,1.21,6
12,5,0,1,7,1.21,6
12,5,0,1,7,1.21,6
12,5,0,1,7,1.21,6
12,5,0,1,7,1.21,6
12,5,0,1,7,1.21,6
12,5,0,1,7,1.21,6
12,5,0,1,7,1.21,6
12,5,0,1,7,1.21,6
12,5,0,1,7,1.21,6
12,5,0,1,7,1.21,6
12,5,0,1,7,1.21,6
12,5,0,1,7,1.21,6
12,5,0,1,7,1.21,6
12,5,0,1,7,1.21,6
12,5,0,1,7,1.21,6
12,5,0,1,7,1.21,6
12,5,0,1,7,1.21,6
12,5,0,1,7,1.21,6
12,5,0,1,7,1.21,6
12,5,0,1,7,1.21,6
12,5,0,1,7,1.21,6
12,5,0,1,7,1.21,6
12,5,0,1,7,1.21,6
12,5,0,1,7,1.21,6
12,5,0,1,7,1.21,6
12,5,0,1,7,1.21,6
12,5,0,1,7,1.21,6
12,5,0,1,7,1.21,6
12,5,0,1,7,1.21,6
12,5,0,1,7,1.21,6
12,5,0,1,7,1.21,6
12,5,0,1,6,0.21,6
12,5,0,1,6,0.21,6
12,5,0,1,6,0.21,6
12,5,0,1,5,0.79,6
12,5,0,1,5,0.79,6
12,5,0,1,5,0.79,6
12,5,0,1,5,0.79,6
12,5,0,1,5,0.79,6
12,5,0,1,5,0.79,6
12,5,0,1,5,0.79,6
12,5,0,1,5,0.79,6
12,5,0,1,5,0.79,6
12,5,0,1,5,0.79,6
12,5,0,1,5,0.79,6
12,5,0,1,5,0.79,6
12,5,0,1,5,0.79,6
12,5,0,1,5,0.79,6
12,5,0,1,5,0.79,6
12,5,0,1,5,0.79,6
12,5,0,1,5,0.79,6
12,5,0,1,5,0.79,6
12,5,0,1,5,0.79,6
13,5,0,1,5,0.02,5
13,5,0,1,5,0.02,5
13,5,0,1,5,0.02,5
13,5,0,1,5,0.02,5
13,5,0,1,5,0.02,5
13,5,0,1,5,0.02,5
13,5,0,1,5,0.02,5
13,5,0,1,5,0.02,5
13,5,0,1,5,0.02,5
13,5,0,1,5,0.02,5
13,5,0,1,5,0.02,5
13,5,0,1,5,0.02,5
13,5,0,1,5,0.02,5
13,5,0,1,5,0.02,5
13,5,0,1,5,0.02,5
13,5,0,1,5,0.02,5
13,5,0,1,5,0.02,5
13,5,0,1,5,0.02,5
13,5,0,1,5,0.02,5
13,5,0,1,5,0.02,5
13,5,0,1,5,0.02,5
13,5,0,1,5,0.02,5
13,5,0,1,5,0.02,5
13,5,0,1,5,0.02,5
13,5,0,1,5,0.02,5
13,5,0,1,5,0.02,5
13,5,0,1,5,0.02,5
13,5,0,1,5,0.02,5
13,5,0,1,5,0.02,5
13,5,0,1,5,0.02,5
13,5,0,1,5,0.02,5
13,5,0,1,5,0.02,5
13,5,0,1,5,0.02,5
13,5,0,1,5,0.02,5
13,5,0,1,5,0.02,5
13,5,0,1,5,0.02,5
13,5,0,1,5,0.02,5
13,5,0,1,5,0.02,5
13,5,0,1,5,0.02,5
13,5,0,1,5,0.02,5
13,5,0,1,5,0.02,5
13,5,0,1,5,0.02,5
13,5,0,1,5,0.02,5
13,5,0,1,5,0.02,5
13,5,0,1,5,0.02,5
13,5,0,1,5,0.02,5
13,5,0,1,5,0.02,5
13,5,0,1,5,0.02,5
13,5,0,1,5,0.02,5
13,5,0,1,5,0.02,5
13,5,0,1,5,0.02,5
13,5,0,1,5,0.02,5
13,5,0,1,5,0.02,5
13,5,0,1,5,0.02,5
13,5,0,1,5,0.02,5
13,5,0,1,5,0.02,5
13,5,0,1,5,0.02,5
13,5,0,1,5,0.02,5
13,5,0,1,5,0.02,5
13,5,0,1,5,0.02,5
14,5,0,1,5,0.02,5
14,5,0,1,5,0.02,5
14,5,0,1,5,0.02,5
14,5,0,1,5,0.02,5
14,5,0,1,4,1.02,5
14,5,0,1,4,1.02,5
14,5,0,1,3,2.02,5
14,5,0,1,3,2.02,5
14,5,0,1,3,2.02,5
14,5,0,1,3,2.02,5
14,5,0,1,3,2.02,5
14,5,0,1,3,2.02,5
14,5,0,1,3,2.02,5
14,5,0,1,3,2.02,5
14,5,0,1,3,2.02,5
14,5,0,1,3,2.02,5
14,5,0,1,3,2.02,5
14,5,0,1,3,2.02,5
14,5,0,1,3,2.02,5
14,5,0,1,3,2.02,5
14,5,0,1,3,2.02,5
14,5,0,1,3,2.02,5
14,5,0,1,3,2.02,5
14,5,0,1,3,2.02,5
14,5,0,1,3,2.02,5
14,5,0,1,3,2.02,5
14,5,0,1,3,2.02,5
14,5,0,1,3,2.02,5
14,5,0,1,3,2.02,5
14,5,0,1,3,2.02,5
14,5,0,1,3,2.02,5
14,5,0,1,3,2.02,5
14,5,0,1,3,2.02,5
14,5,0,1,3,2.02,5
14,5,0,1,3,2.02,5
14,5,0,1,3,2.02,5
14,5,0,1,3,2.02,5
14,5,0,1,3,2.02,5
14,5,0,1,3,2.02,5
14,5,0,1,3,2.02,5
14,5,0,1,3,2.02,5
14,5,0,1,3,2.02,5
14,5,0,1,3,2.02,5
14,5,0,1,3,2.02,5
14,5,0,1,3,2.02,5
14,5,0,1,3,2.02,5
14,5,0,1,3,2.02,5
14,5,0,1,3,2.02,5
14,5,0,1,3,2.02,5
14,5,0,1,3,2.02,5
14,5,0,1,3,2.02,5
14,5,0,1,3,2.02,5
14,5,0,1,3,2.02,5
14,5,0,1,3,2.02,5
14,5,0,1,3,2.02,5
14,5,0,1,3,2.02,5
14,5,0,1,3,2.02,5
14,5,0,1,3,2.02,5
14,5,0,1,3,2.02,5
14,5,0,1,3,2.02,5
15,5,0,1,3,2.02,5
15,5,0,1,3,2.02,5
15,5,0,1,3,2.02,5
15,5,0,1,3,2.02,5
15,5,0,1,3,2.02,5
15,5,0,1,3,2.02,5
15,5,0,1,3,2.02,5
15,5,0,1,3,2.02,5
15,5,0,1,3,2.02,5
15,5,0,1,3,2.02,5
15,5,0,1,3,2.02,5
15,5,0,1,3,2.02,5
15,5,0,1,3,2.02,5
15,5,0,1,3,2.02,5
15,5,0,1,3,2.02,5
15,5,0,1,3,2.02,5
15,5,0,1,3,2.02,5
15,5,0,1,3,2.02,5
15,5,0,1,3,2.02,5
15,5,0,1,3,2.02,5
15,5,0,1,3,2.02,5
15,5,0,1,3,2.02,5
15,5,0,1,3,2.02,5
15,5,0,1,3,2.02,5
15,5,0,1,3,2.02,5
15,5,0,1,3,2.02,5
15,5,0,1,3,2.02,5
15,5,0,1,3,2.02,5
15,5,0,1,3,2.02,5
15,5,0,1,3,2.02,5
15,5,0,1,3,2.02,5
15,5,0,1,3,2.02,5
15,5,0,1,3,2.02,5
15,5,0,1,3,2.02,5
15,5,0,1,3,2.02,5
15,5,0,1,3,2.02,5
15,5,0,1,3,2.02,5
15,5,0,1,3,2.02,5
15,5,0,1,3,2.02,5
15,5,0,1,3,2.02,5
15,5,0,1,3,2.02,5
15,5,0,1,3,2.02,5
15,5,0,1,3,2.02,5
15,5,0,1,3,2.02,5
15,5,0,1,3,2.02,5
15,5,0,1,3,2.02,5
15,5,0,1,3,2.02,5
15,5,0,1,3,2.02,5
15,5,0,1,3,2.02,5
15,5,0,1,3,2.02,5
15,5,0,1,3,2.02,5
15,5,0,1,3,2.02,5
15,5,0,1,3,2.02,5
15,5,0,1,3,2.02,5
15,5,0,1,3,2.02,5
15,5,0,1,3,2.02,5
15,5,0,1,3,2.02,5
15,5,0,1,3,2.02,5
15,5,0,1,3,2.02,5
15,5,0,1,3,2.02,5
16,5,0,1,3,2.02,5
16,5,0,1,3,2.02,5
16,5,0,1,3,2.02,5
16,5,0,1,3,2.02,5
16,5,0,1,3,2.02,5
16,5,0,1,3,2.02,5
16,5,0,1,3,2.02,5
16,5,0,1,3,2.02,5
16,5,0,1,3,2.02,5
16,5,0,1,3,2.02,5
16,5,0,1,3,2.02,5
16,5,0,1,3,2.02,5
16,5,0,1,3,2.02,5
16,5,0,1,3,2.02,5
16,5,0,1,3,2.02,5
16,5,0,1,3,2.02,5
16,5,0,1,3,2.02,5
16,5,0,1,3,2.02,5
16,5,0,1,3,2.02,5
16,5,0,1,3,2.02,5
16,5,0,1,3,2.02,5
16,5,0,1,3,2.02,5
16,5,0,1,3,2.02,5
16,5,0,1,3,2.02,5
16,5,0,1,3,2.02,5
16,5,0,1,3,2.02,5
16,5,0,1,3,2.02,5
16,5,0,1,3,2.02,5
16,5,0,1,3,2.02,5
16,5,0,1,3,2.02,5
16,5,0,1,3,2.02,5
16,5,0,1,3,2.02,5
16,5,0,1,3,2.02,5
16,5,0,1,3,2.02,5
16,5,0,1,3,2.02,5
16,5,0,1,3,2.02,5
16,5,0,1,3,2.02,5
16,5,0,1,3,2.02,5
16,5,0,1,3,2.02,5
16,5,0,1,3,2.02,5
16,5,0,1,3,2.02,5
16,5,0,1,3,2.02,5
16,5,0,1,3,2.02,5
16,5,0,1,3,2.02,5
16,5,0,1,3,2.02,5
16,5,0,1,3,2.02,5
16,5,0,1,3,2.02,5
16,5,0,1,3,2.02,5
16,5,0,1,3,2.02,5
16,5,0,1,3,2.02,5
16,5,0,1,3,2.02,5
16,5,0,1,3,2.02,5
16,5,0,1,3,2.02,5
16,5,0,1,3,2.02,5
16,5,0,1,3,2.02,5
16,5,0,1,3,2.02,5
16,5,0,1,3,2.02,5
16,5,0,1,3,2.02,5
16,5,0,1,3,2.02,5
16,5,0,1,3,2.02,5
17,5,0,1,3,2.93,6
17,5,0,1,3,2.93,6
17,5,0,1,3,2.93,6
17,5,0,1,3,2.93,6
17,5,0,1,3,2.93,6
17,5,0,1,3,2.93,6
17,5,0,1,3,2.93,6
17,5,0,1,3,2.93,6
17,5,0,1,3,2.93,6
17,5,0,1,3,2.93,6
17,5,0,1,3,2.93,6
17,5,0,1,3,2.93,6
17,5,0,1,3,2.93,6
17,5,0,1,3,2.93,6
17,5,0,1,3,2.93,6
17,5,0,1,3,2.93,6
17,5,0,1,3,2.93,6
17,5,0,1,3,2.93,6
17,5,0,1,3,2.93,6
17,5,0,1,3,2.93,6
17,5,0,1,3,2.93,6
17,5,0,1,3,2.93,6
17,5,0,1,3,2.93,6
17,5,0,1,3,2.93,6
17,5,0,1,3,2.93,6
17,5,0,1,3,2.93,6
17,5,0,1,3,2.93,6
17,5,0,1,3,2.93,6
17,5,0,1,3,2.93,6
17,5,0,1,3,2.93,6
17,5,0,1,3,2.93,6
17,5,0,1,3,2.93,6
17,5,0,1,3,2.93,6
17,5,0,1,3,2.93,6
17,5,0,1,3,2.93,6
17,5,0,1,3,2.93,6
17,5,0,1,3,2.93,6
17,5,0,1,3,2.93,6
17,5,0,1,3,2.93,6
17,5,0,1,3,2.93,6
17,5,0,1,3,2.93,6
17,5,0,1,3,2.93,6
17,5,0,1,3,2.93,6
17,5,0,1,3,2.93,6
17,5,0,1,3,2.93,6
17,5,0,1,3,2.93,6
17,5,0,1,3,2.93,6
17,5,0,1,3,2.93,6
17,5,0,1,3,2.93,6
17,5,0,1,3,2.93,6
17,5,0,1,3,2.93,6
17,5,0,1,3,2.93,6
17,5,0,1,3,2.93,6
17,5,0,1,3,2.93,6
17,5,0,1,3,2.93,6
17,5,0,1,3,2.93,6
17,5,0,1,3,2.93,6
17,5,0,1,3,2.93,6
17,5,0,1,3,2.93,6
17,5,0,1,3,2.93,6
18,5,0,1,3,3.0,6
18,5,0,1,3,3.0,6
18,5,0,1,3,3.0,6
18,5,0,1,3,3.0,6
18,5,0,1,3,3.0,6
18,5,0,1,3,3.0,6
18,5,0,1,3,3.0,6
18,5,0,1,3,3.0,6
18,5,0,1,3,3.0,6
18,5,0,1,3,3.0,6
18,5,0,1,3,3.0,6
18,5,0,1,3,3.0,6
18,5,0,1,3,3.0,6
18,5,0,1,3,3.0,6
18,5,0,1,3,3.0,6
18,5,0,1,3,3.0,6
18,5,0,1,3,3.0,6
18,5,0,1,3,3.0,6
18,5,0,1,3,3.0,6
18,5,0,1,3,3.0,6
18,5,0,1,3,3.0,6
18,5,0,1,3,3.0,6
18,5,0,1,3,3.0,6
18,5,0,1,3,3.0,6
18,5,0,1,3,3.0,6
18,5,0,1,3,3.0,6
18,5,0,1,3,3.0,6
18,5,0,1,3,3.0,6
18,5,0,1,3,3.0,6
18,5,0,1,3,3.0,6
18,5,0,1,3,3.0,6
18,5,0,1,3,3.0,6
18,5,0,1,3,3.0,6
18,5,0,1,3,3.0,6
18,5,0,1,3,3.0,6
18,5,0,1,3,3.0,6
18,5,0,1,3,3.0,6
18,5,0,1,3,3.0,6
18,5,0,1,3,3.0,6
18,5,0,1,3,3.0,6
18,5,0,1,3,3.0,6
18,5,0,1,3,3.0,6
18,5,0,1,3,3.0,6
18,5,0,1,3,3.0,6
18,5,0,1,3,3.0,6
18,5,0,1,3,3.0,6
18,5,0,1,3,3.0,6
18,5,0,1,3,3.0,6
18,5,0,1,3,3.0,6
18,5,0,1,3,3.0,6
18,5,0,1,3,3.0,6
18,5,0,1,3,3.0,6
18,5,0,1,3,3.0,6
18,5,0,1,3,3.0,6
18,5,0,1,3,3.0,6
18,5,0,1,3,3.0,6
18,5,0,1,3,3.0,6
18,5,0,1,3,3.0,6
18,5,0,1,3,3.0,6
18,5,0,1,3,3.0,6
19,5,0,1,2,4.65,7
19,5,0,1,2,4.65,7
19,5,0,1,2,4.65,7
19,5,0,1,2,4.65,7
19,5,0,1,2,4.65,7
19,5,0,1,2,4.65,7
19,5,0,1,2,4.65,7
19,5,0,1,2,4.65,7
19,5,0,1,2,4.65,7
19,5,0,1,2,4.65,7
19,5,0,1,2,4.65,7
19,5,0,1,2,4.65,7
19,5,0,1,2,4.65,7
19,5,0,1,2,4.65,7
19,5,0,1,2,4.65,7
19,5,0,1,2,4.65,7
19,5,0,1,2,4.65,7
19,5,0,1,2,4.65,7
19,5,0,1,2,4.65,7
19,5,0,1,2,4.65,7
19,5,0,1,2,4.65,7
19,5,0,1,2,4.65,7
19,5,0,1,2,4.65,7
19,5,0,1,2,4.65,7
19,5,0,1,2,4.65,7
19,5,0,1,2,4.65,7
19,5,0,1,2,4.65,7
19,5,0,1,2,4.65,7
19,5,0,1,2,4.65,7
19,5,0,1,2,4.65,7
19,5,0,1,2,4.65,7
19,5,0,1,2,4.65,7
19,5,0,1,2,4.65,7
19,5,0,1,2,4.65,7
19,5,0,1,2,4.65,7
19,5,0,1,2,4.65,7
19,5,0,1,2,4.65,7
19,5,0,1,2,4.65,7
19,5,0,1,2,4.65,7
19,5,0,1,2,4.65,7
19,5,0,1,2,4.65,7
19,5,0,1,2,4.65,7
19,5,0,1,2,4.65,7
19,5,0,1,2,4.65,7
19,5,0,1,2,4.65,7
19,5,0,1,2,4.65,7
19,5,0,1,2,4.65,7
19,5,0,1,2,4.65,7
19,5,0,1,2,4.65,7
19,5,0,1,2,4.65,7
19,5,0,1,2,4.65,7
19,5,0,1,2,4.65,7
19,5,0,1,2,4.65,7
19,5,0,1,2,4.65,7
19,5,0,1,2,4.65,7
19,5,0,1,2,4.65,7
19,5,0,1,2,4.65,7
19,5,0,1,2,4.65,7
19,5,0,1,2,4.65,7
19,5,0,1,2,4.65,7
20,5,0,1,2,4.0,6
20,5,0,1,2,4.0,6
20,5,0,1,2,4.0,6
20,5,0,1,2,4.0,6
20,5,0,1,2,4.0,6
20,5,0,1,2,4.0,6
20,5,0,1,2,4.0,6
20,5,0,1,2,4.0,6
20,5,0,1,2,4.0,6
20,5,0,1,2,4.0,6
20,5,0,1,2,4.0,6
20,5,0,1,2,4.0,6
20,5,0,1,2,4.0,6
20,5,0,1,2,4.0,6
20,5,0,1,2,4.0,6
20,5,0,1,2,4.0,6
20,5,0,1,2,4.0,6
20,5,0,1,2,4.0,6
20,5,0,1,2,4.0,6
20,5,0,1,2,4.0,6
20,5,0,1,2,4.0,6
20,5,0,1,2,4.0,6
20,5,0,1,2,4.0,6
20,5,0,1,2,4.0,6
20,5,0,1,2,4.0,6
20,5,0,1,2,4.0,6
20,5,0,1,2,4.0,6
20,5,0,1,2,4.0,6
20,5,0,1,2,4.0,6
20,5,0,1,2,4.0,6
20,5,0,1,2,4.0,6
20,5,0,1,2,4.0,6
20,5,0,1,2,4.0,6
20,5,0,1,2,4.0,6
20,5,0,1,2,4.0,6
20,5,0,1,2,4.0,6
20,5,0,1,2,4.0,6
20,5,0,1,2,4.0,6
20,5,0,1,2,4.0,6
20,5,0,1,2,4.0,6
20,5,0,1,2,4.0,6
20,5,0,1,2,4.0,6
20,5,0,1,2,4.0,6
20,5,0,1,2,4.0,6
20,5,0,1,2,4.0,6
20,5,0,1,2,4.0,6
20,5,0,1,2,4.0,6
20,5,0,1,2,4.0,6
20,5,0,1,2,4.0,6
20,5,0,1,2,4.0,6
20,5,0,1,2,4.0,6
20,5,0,1,2,4.0,6
20,5,0,1,2,4.0,6
20,5,0,1,2,4.0,6
20,5,0,1,2,4.0,6
20,5,0,1,2,4.0,6
20,5,0,1,2,4.0,6
20,5,0,1,2,4.0,6
20,5,0,1,2,4.0,6
20,5,0,1,2,4.0,6
21,5,0,1,2,4.0,6
21,5,0,1,2,4.0,6
21,5,0,1,2,4.0,6
21,5,0,1,2,4.0,6
21,5,0,1,2,4.0,6
21,5,0,1,2,4.0,6
21,5,0,1,2,4.0,6
21,5,0,1,2,4.0,6
21,5,0,1,2,4.0,6
21,5,0,1,2,4.0,6
21,5,0,1,2,4.0,6
21,5,0,1,2,4.0,6
21,5,0,1,2,4.0,6
21,5,0,1,2,4.0,6
21,5,0,1,2,4.0,6
21,5,0,1,2,4.0,6
21,5,0,1,2,4.0,6
21,5,0,1,2,4.0,6
21,5,0,1,2,4.0,6
21,5,0,1,2,4.0,6
21,5,0,1,2,4.0,6
21,5,0,1,2,4.0,6
21,5,0,1,2,4.0,6
21,5,0,1,2,4.0,6
21,5,0,1,2,4.0,6
21,5,0,1,2,4.0,6
21,5,0,1,2,4.0,6
21,5,0,1,2,4.0,6
21,5,0,1,2,4.0,6
21,5,0,1,2,4.0,6
21,5,0,1,2,4.0,6
21,5,0,1,2,4.0,6
21,5,0,1,2,4.0,6
21,5,0,1,2,4.0,6
21,5,0,1,2,4.0,6
21,5,0,1,2,4.0,6
21,5,0,1,2,4.0,6
21,5,0,1,2,4.0,6
21,5,0,1,2,4.0,6
21,5,0,1,2,4.0,6
21,5,0,1,2,4.0,6
21,5,0,1,2,4.0,6
21,5,0,1,2,4.0,6
21,5,0,1,2,4.0,6
21,5,0,1,2,4.0,6
21,5,0,1,2,4.0,6
21,5,0,1,2,4.0,6
21,5,0,1,2,4.0,6
21,5,0,1,2,4.0,6
21,5,0,1,2,4.0,6
21,5,0,1,2,4.0,6
21,5,0,1,2,4.0,6
21,5,0,1,2,4.0,6
21,5,0,1,2,4.0,6
21,5,0,1,2,4.0,6
21,5,0,1,2,4.0,6
21,5,0,1,2,4.0,6
21,5,0,1,2,4.0,6
21,5,0,1,2,4.0,6
21,5,0,1,2,4.0,6
22,5,0,1,2,4.0,6
22,5,0,1,2,4.0,6
22,5,0,1,2,4.0,6
22,5,0,1,2,4.0,6
22,5,0,1,2,4.0,6
22,5,0,1,2,4.0,6
22,5,0,1,2,4.0,6
22,5,0,1,2,4.0,6
22,5,0,1,2,4.0,6
22,5,0,1,2,4.0,6
22,5,0,1,2,4.0,6
22,5,0,1,2,4.0,6
22,5,0,1,2,4.0,6
22,5,0,1,2,4.0,6
22,5,0,1,2,4.0,6
22,5,0,1,2,4.0,6
22,5,0,1,2,4.0,6
22,5,0,1,2,4.0,6
22,5,0,1,2,4.0,6
22,5,0,1,2,4.0,6
22,5,0,1,2,4.0,6
22,5,0,1,2,4.0,6
22,5,0,1,2,4.0,6
22,5,0,1,2,4.0,6
22,5,0,1,2,4.0,6
22,5,0,1,2,4.0,6
22,5,0,1,2,4.0,6
22,5,0,1,2,4.0,6
22,5,0,1,2,4.0,6
22,5,0,1,2,4.0,6
22,5,0,1,2,4.0,6
22,5,0,1,2,4.0,6
22,5,0,1,2,4.0,6
22,5,0,1,2,4.0,6
22,5,0,1,2,4.0,6
22,5,0,1,2,4.0,6
22,5,0,1,2,4.0,6
22,5,0,1,2,4.0,6
22,5,0,1,2,4.0,6
22,5,0,1,2,4.0,6
22,5,0,1,2,4.0,6
22,5,0,1,2,4.0,6
22,5,0,1,2,4.0,6
22,5,0,1,2,4.0,6
22,5,0,1,2,4.0,6
22,5,0,1,2,4.0,6
22,5,0,1,2,4.0,6
22,5,0,1,2,4.0,6
22,5,0,1,2,4.0,6
22,5,0,1,2,4.0,6
22,5,0,1,2,4.0,6
22,5,0,1,2,4.0,6
22,5,0,1,2,4.0,6
22,5,0,1,2,4.0,6
22,5,0,1,2,4.0,6
22,5,0,1,2,4.0,6
22,5,0,1,2,4.0,6
22,5,0,1,2,4.0,6
22,5,0,1,2,4.0,6
22,5,0,1,2,4.0,6
23,5,0,1,2,4.0,6
23,5,0,1,2,4.0,6
23,5,0,1,2,4.0,6
23,5,0,1,2,4.0,6
23,5,0,1,2,4.0,6
23,5,0,1,2,4.0,6
23,5,0,1,2,4.0,6
23,5,0,1,2,4.0,6
23,5,0,1,2,4.0,6
23,5,0,1,2,4.0,6
23,5,0,1,2,4.0,6
23,5,0,1,2,4.0,6
23,5,0,1,2,4.0,6
23,5,0,1,2,4.0,6
23,5,0,1,2,4.0,6
23,5,0,1,2,4.0,6
23,5,0,1,2,4.0,6
23,5,0,1,2,4.0,6
23,5,0,1,2,4.0,6
23,5,0,1,2,4.0,6
23,5,0,1,2,4.0,6
23,5,0,1,2,4.0,6
23,5,0,1,2,4.0,6
23,5,0,1,2,4.0,6
23,5,0,1,2,4.0,6
23,5,0,1,2,4.0,6
23,5,0,1,2,4.0,6
23,5,0,1,2,4.0,6
23,5,0,1,2,4.0,6
23,5,0,1,2,4.0,6
23,5,0,1,2,4.0,6
23,5,0,1,2,4.0,6
23,5,0,1,2,4.0,6
23,5,0,1,2,4.0,6
23,5,0,1,2,4.0,6
23,5,0,1,2,4.0,6
23,5,0,1,2,4.0,6
23,5,0,1,2,4.0,6
23,5,0,1,2,4.0,6
23,5,0,1,2,4.0,6
23,5,0,1,2,4.0,6
23,5,0,1,2,4.0,6
23,5,0,1,2,4.0,6
23,5,0,1,2,4.0,6
23,5,0,1,2,4.0,6
23,5,0,1,2,4.0,6
23,5,0,1,2,4.0,6
23,5,0,1,2,4.0,6
23,5,0,1,2,4.0,6
23,5,0,1,2,4.0,6
23,5,0,1,2,4.0,6
23,5,0,1,2,4.0,6
23,5,0,1,2,4.0,6
23,5,0,1,2,4.0,6
23,5,0,1,2,4.0,6
23,5,0,1,2,4.0,6
23,5,0,1,2,4.0,6
23,5,0,1,2,4.0,6
23,5,0,1,2,4.0,6
23,5,0,1,2,4.0,6
0,6,0,1,2,4.0,6
0,6,0,1,2,4.0,6
0,6,0,1,2,4.0,6
0,6,0,1,2,4.0,6
0,6,0,1,2,4.0,6
0,6,0,1,2,4.0,6
0,6,0,1,2,4.0,6
0,6,0,1,2,4.0,6
0,6,0,1,2,4.0,6
0,6,0,1,2,4.0,6
0,6,0,1,2,4.0,6
0,6,0,1,2,4.0,6
0,6,0,1,2,4.0,6
0,6,0,1,2,4.0,6
0,6,0,1,2,4.0,6
0,6,0,1,2,4.0,6
0,6,0,1,2,4.0,6
0,6,0,1,2,4.0,6
0,6,0,1,2,4.0,6
0,6,0,1,2,4.0,6
0,6,0,1,2,4.0,6
0,6,0,1,2,4.0,6
0,6,0,1,2,4.0,6
0,6,0,1,2,4.0,6
0,6,0,1,2,4.0,6
0,6,0,1,2,4.0,6
0,6,0,1,2,4.0,6
0,6,0,1,2,4.0,6
0,6,0,1,2,4.0,6
0,6,0,1,2,4.0,6
0,6,0,1,2,4.0,6
0,6,0,1,2,4.0,6
0,6,0,1,2,4.0,6
0,6,0,1,2,4.0,6
0,6,0,1,2,4.0,6
0,6,0,1,2,4.0,6
0,6,0,1,2,4.0,6
0,6,0,1,2,4.0,6
0,6,0,1,2,4.0,6
0,6,0,1,2,4.0,6
0,6,0,1,2,4.0,6
0,6,0,1,2,4.0,6
0,6,0,1,2,4.0,6
0,6,0,1,2,4.0,6
0,6,0,1,2,4.0,6
0,6,0,1,2,4.0,6
0,6,0,1,2,4.0,6
0,6,0,1,2,4.0,6
0,6,0,1,2,4.0,6
0,6,0,1,2,4.0,6
0,6,0,1,2,4.0,6
0,6,0,1,2,4.0,6
0,6,0,1,2,4.0,6
0,6,0,1,2,4.0,6
0,6,0,1,2,4.0,6
0,6,0,1,2,4.0,6
0,6,0,1,2,4.0,6
0,6,0,1,2,4.0,6
0,6,0,1,2,4.0,6
0,6,0,1,2,4.0,6
1,6,0,1,2,4.0,6
1,6,0,1,2,4.0,6
1,6,0,1,2,4.0,6
1,6,0,1,2,4.0,6
1,6,0,1,2,4.0,6
1,6,0,1,2,4.0,6
1,6,0,1,2,4.0,6
1,6,0,1,2,4.0,6
1,6,0,1,2,4.0,6
1,6,0,1,2,4.0,6
1,6,0,1,2,4.0,6
1,6,0,1,2,4.0,6
1,6,0,1,2,4.0,6
1,6,0,1,2,4.0,6
1,6,0,1,2,4.0,6
1,6,0,1,2,4.0,6
1,6,0,1,2,4.0,6
1,6,0,1,2,4.0,6
1,6,0,1,2,4.0,6
1,6,0,1,2,4.0,6
1,6,0,1,2,4.0,6
1,6,0,1,2,4.0,6
1,6,0,1,2,4.0,6
1,6,0,1,2,4.0,6
1,6,0,1,2,4.0,6
1,6,0,1,2,4.0,6
1,6,0,1,2,4.0,6
1,6,0,1,2,4.0,6
1,6,0,1,2,4.0,6
1,6,0,1,2,4.0,6
1,6,0,1,2,4.0,6
1,6,0,1,2,4.0,6
1,6,0,1,2,4.0,6
1,6,0,1,2,4.0,6
1,6,0,1,2,4.0,6
1,6,0,1,2,4.0,6
1,6,0,1,2,4.0,6
1,6,0,1,2,4.0,6
1,6,0,1,2,4.0,6
1,6,0,1,2,4.0,6
1,6,0,1,2,4.0,6
1,6,0,1,2,4.0,6
1,6,0,1,2,4.0,6
1,6,0,1,2,4.0,6
1,6,0,1,2,4.0,6
1,6,0,1,2,4.0,6
1,6,0,1,2,4.0,6
1,6,0,1,2,4.0,6
1,6,0,1,2,4.0,6
1,6,0,1,2,4.0,6
1,6,0,1,2,4.0,6
1,6,0,1,2,4.0,6
1,6,0,1,2,4.0,6
1,6,0,1,2,4.0,6
1,6,0,1,2,4.0,6
1,6,0,1,2,4.0,6
1,6,0,1,2,4.0,6
1,6,0,1,2,4.0,6
1,6,0,1,2,4.0,6
1,6,0,1,2,4.0,6
2,6,0,1,2,4.0,6
2,6,0,1,2,4.0,6
2,6,0,1,2,4.0,6
2,6,0,1,2,4.0,6
2,6,0,1,2,4.0,6
2,6,0,1,2,4.0,6
2,6,0,1,2,4.0,6
2,6,0,1,2,4.0,6
2,6,0,1,2,4.0,6
2,6,0,1,2,4.0,6
2,6,0,1,2,4.0,6
2,6,0,1,2,4.0,6
2,6,0,1,2,4.0,6
2,6,0,1,2,4.0,6
2,6,0,1,2,4.0,6
2,6,0,1,2,4.0,6
2,6,0,1,2,4.0,6
2,6,0,1,2,4.0,6
2,6,0,1,2,4.0,6
2,6,0,1,2,4.0,6
2,6,0,1,2,4.0,6
2,6,0,1,2,4.0,6
2,6,0,1,2,4.0,6
2,6,0,1,2,4.0,6
2,6,0,1,2,4.0,6
2,6,0,1,2,4.0,6
2,6,0,1,2,4.0,6
2,6,0,1,2,4.0,6
2,6,0,1,2,4.0,6
2,6,0,1,2,4.0,6
2,6,0,1,2,4.0,6
2,6,0,1,2,4.0,6
2,6,0,1,2,4.0,6
2,6,0,1,2,4.0,6
2,6,0,1,2,4.0,6
2,6,0,1,2,4.0,6
2,6,0,1,2,4.0,6
2,6,0,1,2,4.0,6
2,6,0,1,2,4.0,6
2,6,0,1,2,4.0,6
2,6,0,1,2,4.0,6
2,6,0,1,2,4.0,6
2,6,0,1,2,4.0,6
2,6,0,1,2,4.0,6
2,6,0,1,2,4.0,6
2,6,0,1,2,4.0,6
2,6,0,1,2,4.0,6
2,6,0,1,2,4.0,6
2,6,0,1,2,4.0,6
2,6,0,1,2,4.0,6
2,6,0,1,2,4.0,6
2,6,0,1,2,4.0,6
2,6,0,1,2,4.0,6
2,6,0,1,2,4.0,6
2,6,0,1,2,4.0,6
2,6,0,1,2,4.0,6
2,6,0,1,2,4.0,6
2,6,0,1,2,4.0,6
2,6,0,1,2,4.0,6
2,6,0,1,2,4.0,6
3,6,0,1,2,4.0,6
3,6,0,1,2,4.0,6
3,6,0,1,2,4.0,6
3,6,0,1,2,4.0,6
3,6,0,1,2,4.0,6
3,6,0,1,2,4.0,6
3,6,0,1,2,4.0,6
3,6,0,1,2,4.0,6
3,6,0,1,2,4.0,6
3,6,0,1,2,4.0,6
3,6,0,1,2,4.0,6
3,6,0,1,2,4.0,6
3,6,0,1,2,4.0,6
3,6,0,1,2,4.0,6
3,6,0,1,2,4.0,6
3,6,0,1,2,4.0,6
3,6,0,1,2,4.0,6
3,6,0,1,2,4.0,6
3,6,0,1,2,4.0,6
3,6,0,1,2,4.0,6
3,6,0,1,2,4.0,6
3,6,0,1,2,4.0,6
3,6,0,1,2,4.0,6
3,6,0,1,2,4.0,6
3,6,0,1,2,4.0,6
3,6,0,1,2,4.0,6
3,6,0,1,2,4.0,6
3,6,0,1,2,4.0,6
3,6,0,1,2,4.0,6
3,6,0,1,2,4.0,6
3,6,0,1,2,4.0,6
3,6,0,1,2,4.0,6
3,6,0,1,2,4.0,6
3,6,0,1,2,4.0,6
3,6,0,1,2,4.0,6
3,6,0,1,2,4.0,6
3,6,0,1,2,4.0,6
3,6,0,1,2,4.0,6
3,6,0,1,2,4.0,6
3,6,0,1,2,4.0,6
3,6,0,1,2,4.0,6
3,6,0,1,2,4.0,6
3,6,0,1,2,4.0,6
3,6,0,1,2,4.0,6
3,6,0,1,2,4.0,6
3,6,0,1,2,4.0,6
3,6,0,1,2,4.0,6
3,6,0,1,2,4.0,6
3,6,0,1,2,4.0,6
3,6,0,1,2,4.0,6
3,6,0,1,2,4.0,6
3,6,0,1,2,4.0,6
3,6,0,1,2,4.0,6
3,6,0,1,2,4.0,6
3,6,0,1,2,4.0,6
3,6,0,1,2,4.0,6
3,6,0,1,2,4.0,6
3,6,0,1,2,4.0,6
3,6,0,1,2,4.0,6
3,6,0,1,2,4.0,6
4,6,0,1,2,4.0,6
4,6,0,1,2,4.0,6
4,6,0,1,2,4.0,6
4,6,0,1,2,4.0,6
4,6,0,1,2,4.0,6
4,6,0,1,2,4.0,6
4,6,0,1,2,4.0,6
4,6,0,1,2,4.0,6
4,6,0,1,2,4.0,6
4,6,0,1,2,4.0,6
4,6,0,1,2,4.0,6
4,6,0,1,2,4.0,6
4,6,0,1,2,4.0,6
4,6,0,1,2,4.0,6
4,6,0,1,2,4.0,6
4,6,0,1,2,4.0,6
4,6,0,1,2,4.0,6
4,6,0,1,2,4.0,6
4,6,0,1,2,4.0,6
4,6,0,1,2,4.0,6
4,6,0,1,2,4.0,6
4,6,0,1,2,4.0,6
4,6,0,1,2,4.0,6
4,6,0,1,2,4.0,6
4,6,0,1,2,4.0,6
4,6,0,1,2,4.0,6
4,6,0,1,2,4.0,6
4,6,0,1,2,4.0,6
4,6,0,1,2,4.0,6
4,6,0,1,2,4.0,6
4,6,0,1,2,4.0,6
4,6,0,1,2,4.0,6
4,6,0,1,2,4.0,6
4,6,0,1,2,4.0,6
4,6,0,1,2,4.0,6
4,6,0,1,2,4.0,6
4,6,0,1,2,4.0,6
4,6,0,1,2,4.0,6
4,6,0,1,2,4.0,6
4,6,0,1,2,4.0,6
4,6,0,1,2,4.0,6
4,6,0,1,2,4.0,6
4,6,0,1,2,4.0,6
4,6,0,1,2,4.0,6
4,6,0,1,2,4.0,6
4,6,0,1,2,4.0,6
4,6,0,1,2,4.0,6
4,6,0,1,2,4.0,6
4,6,0,1,2,4.0,6
4,6,0,1,2,4.0,6
4,6,0,1,2,4.0,6
4,6,0,1,2,4.0,6
4,6,0,1,2,4.0,6
4,6,0,1,2,4.0,6
4,6,0,1,2,4.0,6
4,6,0,1,2,4.0,6
4,6,0,1,2,4.0,6
4,6,0,1,2,4.0,6
4,6,0,1,2,4.0,6
4,6,0,1,2,4.0,6
5,6,0,1,2,4.0,6
5,6,0,1,2,4.0,6
5,6,0,1,2,4.0,6
5,6,0,1,2,4.0,6
5,6,0,1,2,4.0,6
5,6,0,1,2,4.0,6
5,6,0,1,2,4.0,6
5,6,0,1,2,4.0,6
5,6,0,1,2,4.0,6
5,6,0,1,2,4.0,6
5,6,0,1,2,4.0,6
5,6,0,1,2,4.0,6
5,6,0,1,3,3.0,6
5,6,0,1,3,3.0,6
5,6,0,1,3,3.0,6
5,6,0,1,3,3.0,6
5,6,0,1,3,3.0,6
5,6,0,1,3,3.0,6
5,6,0,1,3,3.0,6
5,6,0,1,3,3.0,6
5,6,0,1,3,3.0,6
5,6,0,1,3,3.0,6
5,6,0,1,3,3.0,6
5,6,0,1,3,3.0,6
5,6,0,1,3,3.0,6
5,6,0,1,3,3.0,6
5,6,0,1,3,3.0,6
5,6,0,1,3,3.0,6
5,6,0,1,3,3.0,6
5,6,0,1,3,3.0,6
5,6,0,1,3,3.0,6
5,6,0,1,3,3.0,6
5,6,0,1,3,3.0,6
5,6,0,1,3,3.0,6
5,6,0,1,3,3.0,6
5,6,0,1,3,3.0,6
5,6,0,1,3,3.0,6
5,6,0,1,3,3.0,6
5,6,0,1,3,3.0,6
5,6,0,1,3,3.0,6
5,6,0,1,3,3.0,6
5,6,0,1,3,3.0,6
5,6,0,1,3,3.0,6
5,6,0,1,3,3.0,6
5,6,0,1,3,3.0,6
5,6,0,1,3,3.0,6
5,6,0,1,3,3.0,6
5,6,0,1,3,3.0,6
5,6,0,1,3,3.0,6
5,6,0,1,3,3.0,6
5,6,0,1,3,3.0,6
5,6,0,1,3,3.0,6
5,6,0,1,3,3.0,6
5,6,0,1,3,3.0,6
5,6,0,1,3,3.0,6
5,6,0,1,3,3.0,6
5,6,0,1,3,3.0,6
5,6,0,1,3,3.0,6
5,6,0,1,3,3.0,6
5,6,0,1,3,3.0,6
6,6,0,1,3,3.0,6
6,6,0,1,3,3.0,6
6,6,0,1,3,3.0,6
6,6,0,1,3,3.0,6
6,6,0,1,3,3.0,6
6,6,0,1,3,3.0,6
6,6,0,1,3,3.0,6
6,6,0,1,3,3.0,6
6,6,0,1,3,3.0,6
6,6,0,1,3,3.0,6
6,6,0,1,3,3.0,6
6,6,0,1,3,3.0,6
6,6,0,1,3,3.0,6
6,6,0,1,3,3.0,6
6,6,0,1,3,3.0,6
6,6,0,1,3,3.0,6
6,6,0,1,3,3.0,6
6,6,0,1,3,3.0,6
6,6,0,1,3,3.0,6
6,6,0,1,3,3.0,6
6,6,0,1,3,3.0,6
6,6,0,1,3,3.0,6
6,6,0,1,3,3.0,6
6,6,0,1,3,3.0,6
6,6,0,1,3,3.0,6
6,6,0,1,3,3.0,6
6,6,0,1,3,3.0,6
6,6,0,1,3,3.0,6
6,6,0,1,3,3.0,6
6,6,0,1,3,3.0,6
6,6,0,1,3,3.0,6
6,6,0,1,3,3.0,6
6,6,0,1,3,3.0,6
6,6,0,1,3,3.0,6
6,6,0,1,3,3.0,6
6,6,0,1,3,3.0,6
6,6,0,1,3,3.0,6
6,6,0,1,3,3.0,6
6,6,0,1,3,3.0,6
6,6,0,1,3,3.0,6
6,6,0,1,3,3.0,6
6,6,0,1,3,3.0,6
6,6,0,1,3,3.0,6
6,6,0,1,3,3.0,6
6,6,0,1,3,3.0,6
6,6,0,1,3,3.0,6
6,6,0,1,3,3.0,6
6,6,0,1,3,3.0,6
6,6,0,1,3,3.0,6
6,6,0,1,3,3.0,6
6,6,0,1,3,3.0,6
6,6,0,1,3,3.0,6
6,6,0,1,3,3.0,6
6,6,0,1,3,3.0,6
6,6,0,1,3,3.0,6
6,6,0,1,3,3.0,6
6,6,0,1,3,3.0,6
6,6,0,1,3,3.0,6
6,6,0,1,3,3.0,6
6,6,0,1,3,3.0,6
7,6,0,1,3,3.0,6
7,6,0,1,3,3.0,6
7,6,0,1,3,3.0,6
7,6,0,1,3,3.0,6
7,6,0,1,3,3.0,6
7,6,0,1,3,3.0,6
7,6,0,1,3,3.0,6
7,6,0,1,3,3.0,6
7,6,0,1,3,3.0,6
7,6,0,1,3,3.0,6
7,6,0,1,3,3.0,6
7,6,0,1,3,3.0,6
7,6,0,1,3,3.0,6
7,6,0,1,3,3.0,6
7,6,0,1,3,3.0,6
7,6,0,1,3,3.0,6
7,6,0,1,3,3.0,6
7,6,0,1,3,3.0,6
7,6,0,1,3,3.0,6
7,6,0,1,3,3.0,6
7,6,0,1,3,3.0,6
7,6,0,1,3,3.0,6
7,6,0,1,3,3.0,6
7,6,0,1,3,3.0,6
7,6,0,1,3,3.0,6
7,6,0,1,3,3.0,6
7,6,0,1,3,3.0,6
7,6,0,1,3,3.0,6
7,6,0,1,3,3.0,6
7,6,0,1,3,3.0,6
7,6,0,1,3,3.0,6
7,6,0,1,3,3.0,6
7,6,0,1,3,3.0,6
7,6,0,1,3,3.0,6
7,6,0,1,3,3.0,6
7,6,0,1,3,3.0,6
7,6,0,1,3,3.0,6
7,6,0,1,3,3.0,6
7,6,0,1,3,3.0,6
7,6,0,1,3,3.0,6
7,6,0,1,4,2.0,6
7,6,0,1,4,2.0,6
7,6,0,1,4,2.0,6
7,6,0,1,4,2.0,6
7,6,0,1,4,2.0,6
7,6,0,1,4,2.0,6
7,6,0,1,4,2.0,6
7,6,0,1,4,2.0,6
7,6,0,1,4,2.0,6
7,6,0,1,4,2.0,6
7,6,0,1,4,2.0,6
7,6,0,1,5,1.0,6
7,6,0,1,5,1.0,6
7,6,0,1,5,1.0,6
7,6,0,1,5,1.0,6
7,6,0,1,5,1.0,6
7,6,0,1,5,1.0,6
7,6,0,1,5,1.0,6
7,6,0,1,5,1.0,6
7,6,0,1,5,1.0,6
8,6,0,1,5,1.11,6
8,6,0,1,5,1.11,6
8,6,0,1,5,1.11,6
8,6,0,1,5,1.11,6
8,6,0,1,5,1.11,6
8,6,0,1,5,1.11,6
8,6,0,1,5,1.11,6
8,6,0,1,5,1.11,6
8,6,0,1,5,1.11,6
8,6,0,1,5,1.11,6
8,6,0,1,5,1.11,6
8,6,0,1,5,1.11,6
8,6,0,1,5,1.11,6
8,6,0,1,5,1.11,6
8,6,0,1,5,1.11,6
8,6,0,1,5,1.11,6
8,6,0,1,5,1.11,6
8,6,0,1,5,1.11,6
8,6,0,1,5,1.11,6
8,6,0,1,5,1.11,6
8,6,0,1,5,1.11,6
8,6,0,1,5,1.11,6
8,6,0,1,5,1.11,6
8,6,0,1,5,1.11,6
8,6,0,1,5,1.11,6
8,6,0,1,5,1.11,6
8,6,0,1,5,1.11,6
8,6,0,1,5,1.11,6
8,6,0,1,5,1.11,6
8,6,0,1,5,1.11,6
8,6,0,1,5,1.11,6
8,6,0,1,5,1.11,6
8,6,0,1,5,1.11,6
8,6,0,1,5,1.11,6
8,6,0,1,5,1.11,6
8,6,0,1,5,1.11,6
8,6,0,1,5,1.11,6
8,6,0,1,5,1.11,6
8,6,0,1,5,1.11,6
8,6,0,1,5,1.11,6
8,6,0,1,5,1.11,6
8,6,0,1,5,1.11,6
8,6,0,1,5,1.11,6
8,6,0,1,5,1.11,6
8,6,0,1,5,1.11,6
8,6,0,1,5,1.11,6
8,6,0,1,5,1.11,6
8,6,0,1,5,1.11,6
8,6,0,1,5,1.11,6
8,6,0,1,5,1.11,6
8,6,0,1,5,1.11,6
8,6,0,1,5,1.11,6
8,6,0,1,5,1.11,6
8,6,0,1,5,1.11,6
8,6,0,1,5,1.11,6
8,6,0,1,5,1.11,6
8,6,0,1,5,1.11,6
8,6,0,1,5,1.11,6
8,6,0,1,5,1.11,6
8,6,0,1,5,1.11,6
9,6,0,1,5,1.11,6
9,6,0,1,5,1.11,6
9,6,0,1,5,1.11,6
9,6,0,1,5,1.11,6
9,6,0,1,5,1.11,6
9,6,0,1,5,1.11,6
9,6,0,1,5,1.11,6
9,6,0,1,5,1.11,6
9,6,0,1,5,1.11,6
9,6,0,1,5,1.11,6
9,6,0,1,5,1.11,6
9,6,0,1,5,1.11,6
9,6,0,1,5,1.11,6
9,6,0,1,5,1.11,6
9,6,0,1,5,1.11,6
9,6,0,1,5,1.11,6
9,6,0,1,5,1.11,6
9,6,0,1,5,1.11,6
9,6,0,1,5,1.11,6
9,6,0,1,5,1.11,6
9,6,0,1,5,1.11,6
9,6,0,1,5,1.11,6
9,6,0,1,5,1.11,6
9,6,0,1,5,1.11,6
9,6,0,1,5,1.11,6
9,6,0,1,5,1.11,6
9,6,0,1,5,1.11,6
9,6,0,1,5,1.11,6
9,6,0,1,5,1.11,6
9,6,0,1,5,1.11,6
9,6,0,1,5,1.11,6
9,6,0,1,5,1.11,6
9,6,0,1,5,1.11,6
9,6,0,1,5,1.11,6
9,6,0,1,5,1.11,6
9,6,0,1,5,1.11,6
9,6,0,1,5,1.11,6
9,6,0,1,5,1.11,6
9,6,0,1,5,1.11,6
9,6,0,1,5,1.11,6
9,6,0,1,5,1.11,6
9,6,0,1,5,1.11,6
9,6,0,1,5,1.11,6
9,6,0,1,5,1.11,6
9,6,0,1,5,1.11,6
9,6,0,1,5,1.11,6
9,6,0,1,5,1.11,6
9,6,0,1,5,1.11,6
9,6,0,1,5,1.11,6
9,6,0,1,5,1.11,6
9,6,0,1,5,1.11,6
9,6,0,1,5,1.11,6
9,6,0,1,5,1.11,6
9,6,0,1,5,1.11,6
9,6,0,1,5,1.11,6
9,6,0,1,5,1.11,6
9,6,0,1,5,1.11,6
9,6,0,1,5,1.11,6
9,6,0,1,5,1.11,6
9,6,0,1,5,1.11,6
10,6,0,1,5,1.0,6
10,6,0,1,5,1.0,6
10,6,0,1,5,1.0,6
10,6,0,1,5,1.0,6
10,6,0,1,5,1.0,6
10,6,0,1,5,1.0,6
10,6,0,1,5,1.0,6
10,6,0,1,5,1.0,6
10,6,0,1,5,1.0,6
10,6,0,1,5,1.0,6
10,6,0,1,5,1.0,6
10,6,0,1,5,1.0,6
10,6,0,1,5,1.0,6
10,6,0,1,5,1.0,6
10,6,0,1,5,1.0,6
10,6,0,1,5,1.0,6
10,6,0,1,5,1.0,6
10,6,0,1,5,1.0,6
10,6,0,1,5,1.0,6
10,6,0,1,5,1.0,6
10,6,0,1,5,1.0,6
10,6,0,1,5,1.0,6
10,6,0,1,5,1.0,6
10,6,0,1,5,1.0,6
10,6,0,1,5,1.0,6
10,6,0,1,5,1.0,6
10,6,0,1,5,1.0,6
10,6,0,1,5,1.0,6
10,6,0,1,5,1.0,6
10,6,0,1,5,1.0,6
10,6,0,1,5,1.0,6
10,6,0,1,5,1.0,6
10,6,0,1,5,1.0,6
10,6,0,1,5,1.0,6
10,6,0,1,5,1.0,6
10,6,0,1,5,1.0,6
10,6,0,1,5,1.0,6
10,6,0,1,5,1.0,6
10,6,0,1,5,1.0,6
10,6,0,1,5,1.0,6
10,6,0,1,5,1.0,6
10,6,0,1,5,1.0,6
10,6,0,1,5,1.0,6
10,6,0,1,5,1.0,6
10,6,0,1,4,2.0,6
10,6,0,1,4,2.0,6
10,6,0,1,4,2.0,6
10,6,0,1,5,1.0,6
10,6,0,1,5,1.0,6
10,6,0,1,4,2.0,6
10,6,0,1,4,2.0,6
10,6,0,1,4,2.0,6
10,6,0,1,4,2.0,6
10,6,0,1,4,2.0,6
10,6,0,1,4,2.0,6
10,6,0,1,4,2.0,6
10,6,0,1,4,2.0,6
10,6,0,1,4,2.0,6
10,6,0,1,4,2.0,6
10,6,0,1,4,2.0,6
11,6,0,1,4,2.0,6
11,6,0,1,4,2.0,6
11,6,0,1,4,2.0,6
11,6,0,1,4,2.0,6
11,6,0,1,4,2.0,6
11,6,0,1,4,2.0,6
11,6,0,1,4,2.0,6
11,6,0,1,4,2.0,6
11,6,0,1,4,2.0,6
11,6,0,1,4,2.0,6
11,6,0,1,4,2.0,6
11,6,0,1,4,2.0,6
11,6,0,1,4,2.0,6
11,6,0,1,4,2.0,6
11,6,0,1,4,2.0,6
11,6,0,1,4,2.0,6
11,6,0,1,4,2.0,6
11,6,0,1,4,2.0,6
11,6,0,1,4,2.0,6
11,6,0,1,4,2.0,6
11,6,0,1,4,2.0,6
11,6,0,1,4,2.0,6
11,6,0,1,5,1.0,6
11,6,0,1,5,1.0,6
11,6,0,1,5,1.0,6
11,6,0,1,5,1.0,6
11,6,0,1,5,1.0,6
11,6,0,1,5,1.0,6
11,6,0,1,5,1.0,6
11,6,0,1,5,1.0,6
11,6,0,1,5,1.0,6
11,6,0,1,5,1.0,6
11,6,0,1,5,1.0,6
11,6,0,1,5,1.0,6
11,6,0,1,5,1.0,6
11,6,0,1,5,1.0,6
11,6,0,1,5,1.0,6
11,6,0,1,5,1.0,6
11,6,0,1,5,1.0,6
11,6,0,1,5,1.0,6
11,6,0,1,5,1.0,6
11,6,0,1,4,2.0,6
11,6,0,1,4,2.0,6
11,6,0,1,4,2.0,6
11,6,0,1,3,3.0,6
11,6,0,1,2,4.0,6
11,6,0,1,2,4.0,6
11,6,0,1,2,4.0,6
11,6,0,1,2,4.0,6
11,6,0,1,2,4.0,6
11,6,0,1,2,4.0,6
11,6,0,1,2,4.0,6
11,6,0,1,2,4.0,6
11,6,0,1,2,4.0,6
11,6,0,1,2,4.0,6
11,6,0,1,2,4.0,6
11,6,0,1,2,4.0,6
11,6,0,1,2,4.0,6
11,6,0,1,2,4.0,6
11,6,0,1,2,4.0,6
12,6,0,1,2,3.79,6
12,6,0,1,2,3.79,6
12,6,0,1,2,3.79,6
12,6,0,1,2,3.79,6
12,6,0,1,2,3.79,6
12,6,0,1,2,3.79,6
12,6,0,1,2,3.79,6
12,6,0,1,2,3.79,6
12,6,0,1,2,3.79,6
12,6,0,1,2,3.79,6
12,6,0,1,2,3.79,6
12,6,0,1,2,3.79,6
12,6,0,1,2,3.79,6
12,6,0,1,2,3.79,6
12,6,0,1,2,3.79,6
12,6,0,1,2,3.79,6
12,6,0,1,2,3.79,6
12,6,0,1,2,3.79,6
12,6,0,1,2,3.79,6
12,6,0,1,2,3.79,6
12,6,0,1,2,3.79,6
12,6,0,1,2,3.79,6
12,6,0,1,2,0.0,2
12,6,0,1,2,0.0,2
12,6,0,1,2,0.0,2
12,6,0,1,2,0.0,2
12,6,0,1,2,0.0,2
12,6,0,1,2,0.0,2
12,6,0,1,2,0.0,2
12,6,0,1,2,0.0,2
12,6,0,1,2,0.0,2
12,6,0,1,2,0.0,2
12,6,0,1,2,0.0,2
12,6,0,1,2,0.0,2
12,6,0,1,2,0.0,2
12,6,0,1,2,0.0,2
12,6,0,1,2,0.0,2
12,6,0,1,2,0.0,2
12,6,0,1,2,0.0,2
12,6,0,1,2,0.0,2
12,6,0,1,2,0.0,2
12,6,0,1,2,0.0,2
12,6,0,1,2,0.0,2
12,6,0,1,2,0.0,2
12,6,0,1,2,0.0,2
12,6,0,1,2,0.0,2
12,6,0,1,2,0.0,2
12,6,0,1,2,0.0,2
12,6,0,1,2,0.0,2
12,6,0,1,2,0.0,2
12,6,0,1,2,0.0,2
12,6,0,1,2,0.0,2
12,6,0,1,2,0.0,2
12,6,0,1,2,0.0,2
12,6,0,1,2,0.0,2
12,6,0,1,2,0.0,2
12,6,0,1,2,0.0,2
12,6,0,1,2,0.0,2
12,6,0,1,2,0.0,2
12,6,0,1,2,0.0,2
13,6,0,1,2,0.0,2
13,6,0,1,2,0.0,2
13,6,0,1,2,0.0,2
13,6,0,1,2,0.0,2
13,6,0,1,2,0.0,2
13,6,0,1,2,0.0,2
13,6,0,1,2,0.0,2
13,6,0,1,2,0.0,2
13,6,0,1,2,0.0,2
13,6,0,1,2,0.0,2
13,6,0,1,2,0.0,2
13,6,0,1,2,0.0,2
13,6,0,1,2,0.0,2
13,6,0,1,2,0.0,2
13,6,0,1,2,0.0,2
13,6,0,1,2,0.0,2
13,6,0,1,2,0.0,2
13,6,0,1,2,0.0,2
13,6,0,1,2,0.0,2
13,6,0,1,2,0.0,2
13,6,0,1,2,0.0,2
13,6,0,1,2,0.0,2
13,6,0,1,2,0.0,2
13,6,0,1,2,0.0,2
13,6,0,1,2,0.0,2
13,6,0,1,2,0.0,2
13,6,0,1,2,0.0,2
13,6,0,1,2,0.0,2
13,6,0,1,2,0.0,2
13,6,0,1,2,0.0,2
13,6,0,1,2,0.0,2
13,6,0,1,2,0.0,2
13,6,0,1,2,0.0,2
13,6,0,1,2,0.0,2
13,6,0,1,2,0.0,2
13,6,0,1,2,0.0,2
13,6,0,1,2,0.0,2
13,6,0,1,2,0.0,2
13,6,0,1,2,0.0,2
13,6,0,1,2,0.0,2
13,6,0,1,2,0.0,2
13,6,0,1,2,0.0,2
13,6,0,1,2,0.0,2
13,6,0,1,2,0.0,2
13,6,0,1,2,0.0,2
13,6,0,1,2,0.0,2
13,6,0,1,2,0.0,2
13,6,0,1,2,0.0,2
13,6,0,1,2,0.0,2
13,6,0,1,2,0.0,2
13,6,0,1,2,0.0,2
13,6,0,1,2,0.0,2
13,6,0,1,2,0.0,2
13,6,0,1,2,0.0,2
13,6,0,1,2,0.0,2
13,6,0,1,2,0.0,2
13,6,0,1,2,0.0,2
13,6,0,1,2,0.0,2
13,6,0,1,1,1.0,2
13,6,0,1,1,1.0,2
14,6,0,1,1,1.67,3
14,6,0,1,1,1.67,3
14,6,0,1,1,1.67,3
14,6,0,1,1,1.67,3
14,6,0,1,1,1.67,3
14,6,0,1,1,1.67,3
14,6,0,1,1,1.67,3
14,6,0,1,1,1.67,3
14,6,0,1,1,1.67,3
14,6,0,1,1,1.67,3
14,6,0,1,1,1.67,3
14,6,0,1,1,1.67,3
14,6,0,1,1,1.67,3
14,6,0,1,1,1.67,3
14,6,0,1,1,1.67,3
14,6,0,1,1,1.67,3
14,6,0,1,1,1.67,3
14,6,0,1,1,1.67,3
14,6,0,1,1,1.67,3
14,6,0,1,1,1.67,3
14,6,0,1,1,1.67,3
14,6,0,1,1,1.67,3
14,6,0,1,1,1.67,3
14,6,0,1,1,1.67,3
14,6,0,1,1,1.67,3
14,6,0,1,1,1.67,3
14,6,0,1,1,1.67,3
14,6,0,1,1,1.67,3
14,6,0,1,1,1.67,3
14,6,0,1,1,1.67,3
14,6,0,1,1,1.67,3
14,6,0,1,1,1.67,3
14,6,0,1,1,1.67,3
14,6,0,1,1,1.67,3
14,6,0,1,1,1.67,3
14,6,0,1,1,1.67,3
14,6,0,1,1,1.67,3
14,6,0,1,1,1.67,3
14,6,0,1,1,1.67,3
14,6,0,1,3,0.33,3
14,6,0,1,3,0.33,3
14,6,0,1,3,0.33,3
14,6,0,1,3,0.33,3
14,6,0,1,3,0.33,3
14,6,0,1,3,0.33,3
14,6,0,1,3,0.33,3
14,6,0,1,3,0.33,3
14,6,0,1,3,0.33,3
14,6,0,1,3,0.33,3
14,6,0,1,3,0.33,3
14,6,0,1,3,0.33,3
14,6,0,1,3,0.33,3
14,6,0,1,3,0.33,3
14,6,0,1,3,0.33,3
14,6,0,1,3,0.33,3
14,6,0,1,3,0.33,3
14,6,0,1,3,0.33,3
14,6,0,1,3,0.33,3
14,6,0,1,3,0.33,3
14,6,0,1,3,0.33,3
15,6,0,1,3,0.43,3
15,6,0,1,3,0.43,3
15,6,0,1,3,0.43,3
15,6,0,1,3,0.43,3
15,6,0,1,3,0.43,3
15,6,0,1,3,0.43,3
15,6,0,1,3,0.43,3
15,6,0,1,3,0.43,3
15,6,0,1,3,0.43,3
15,6,0,1,3,0.43,3
15,6,0,1,3,0.43,3
15,6,0,1,3,0.43,3
15,6,0,1,3,0.43,3
15,6,0,1,3,0.43,3
15,6,0,1,3,0.43,3
15,6,0,1,3,0.43,3
15,6,0,1,3,0.43,3
15,6,0,1,3,0.43,3
15,6,0,1,3,0.43,3
15,6,0,1,3,0.43,3
15,6,0,1,3,0.43,3
15,6,0,1,3,0.43,3
15,6,0,1,3,0.43,3
15,6,0,1,3,0.43,3
15,6,0,1,3,0.43,3
15,6,0,1,3,0.43,3
15,6,0,1,3,0.43,3
15,6,0,1,3,0.43,3
15,6,0,1,3,0.43,3
15,6,0,1,3,0.43,3
15,6,0,1,3,0.43,3
15,6,0,1,3,0.43,3
15,6,0,1,3,0.43,3
15,6,0,1,3,0.43,3
15,6,0,1,3,0.43,3
15,6,0,1,3,0.43,3
15,6,0,1,3,0.43,3
15,6,0,1,3,0.43,3
15,6,0,1,3,0.43,3
15,6,0,1,3,0.43,3
15,6,0,1,3,0.43,3
15,6,0,1,3,0.43,3
15,6,0,1,3,0.43,3
15,6,0,1,3,0.43,3
15,6,0,1,3,0.43,3
15,6,0,1,3,0.43,3
15,6,0,1,3,0.43,3
15,6,0,1,3,0.43,3
15,6,0,1,3,0.43,3
15,6,0,1,3,0.43,3
15,6,0,1,3,0.43,3
15,6,0,1,3,0.43,3
15,6,0,1,3,0.43,3
15,6,0,1,3,0.43,3
15,6,0,1,3,0.43,3
15,6,0,1,3,0.43,3
15,6,0,1,3,0.43,3
15,6,0,1,3,0.43,3
15,6,0,1,3,0.43,3
15,6,0,1,3,0.43,3
16,6,0,1,3,0.43,3
16,6,0,1,3,0.43,3
16,6,0,1,3,0.43,3
16,6,0,1,3,0.43,3
16,6,0,1,3,0.43,3
16,6,0,1,3,0.43,3
16,6,0,1,3,0.43,3
16,6,0,1,3,0.43,3
16,6,0,1,3,0.43,3
16,6,0,1,3,0.43,3
16,6,0,1,3,0.43,3
16,6,0,1,3,0.43,3
16,6,0,1,3,0.43,3
16,6,0,1,3,0.43,3
16,6,0,1,3,0.43,3
16,6,0,1,3,0.43,3
16,6,0,1,3,0.43,3
16,6,0,1,3,0.43,3
16,6,0,1,3,0.43,3
16,6,0,1,3,0.43,3
16,6,0,1,3,0.43,3
16,6,0,1,3,0.43,3
16,6,0,1,3,0.43,3
16,6,0,1,3,0.43,3
16,6,0,1,3,0.43,3
16,6,0,1,3,0.43,3
16,6,0,1,3,0.43,3
16,6,0,1,3,0.43,3
16,6,0,1,3,0.43,3
16,6,0,1,3,0.43,3
16,6,0,1,3,0.43,3
16,6,0,1,3,0.43,3
16,6,0,1,3,0.43,3
16,6,0,1,3,0.43,3
16,6,0,1,3,0.43,3
16,6,0,1,3,0.43,3
16,6,0,1,3,0.43,3
16,6,0,1,3,0.43,3
16,6,0,1,3,0.43,3
16,6,0,1,3,0.43,3
16,6,0,1,3,0.43,3
16,6,0,1,3,0.43,3
16,6,0,1,3,0.43,3
16,6,0,1,3,0.43,3
16,6,0,1,3,0.43,3
16,6,0,1,3,0.43,3
16,6,0,1,3,0.43,3
16,6,0,1,3,0.43,3
16,6,0,1,3,0.43,3
16,6,0,1,3,0.43,3
16,6,0,1,3,0.43,3
16,6,0,1,3,0.43,3
16,6,0,1,3,0.43,3
16,6,0,1,3,0.43,3
16,6,0,1,3,0.43,3
16,6,0,1,3,0.43,3
16,6,0,1,3,0.43,3
16,6,0,1,3,0.43,3
16,6,0,1,3,0.43,3
16,6,0,1,3,0.43,3
17,6,0,1,3,0.43,3
17,6,0,1,3,0.43,3
17,6,0,1,3,0.43,3
17,6,0,1,3,0.43,3
17,6,0,1,3,0.43,3
17,6,0,1,3,0.43,3
17,6,0,1,3,0.43,3
17,6,0,1,3,0.43,3
17,6,0,1,3,0.43,3
17,6,0,1,3,0.43,3
17,6,0,1,3,0.43,3
17,6,0,1,3,0.43,3
17,6,0,1,3,0.43,3
17,6,0,1,3,0.43,3
17,6,0,1,3,0.43,3
17,6,0,1,3,0.43,3
17,6,0,1,3,0.43,3
17,6,0,1,3,0.43,3
17,6,0,1,3,0.43,3
17,6,0,1,3,0.43,3
17,6,0,1,3,0.43,3
17,6,0,1,3,0.43,3
17,6,0,1,3,0.43,3
17,6,0,1,3,0.43,3
17,6,0,1,3,0.43,3
17,6,0,1,3,0.43,3
17,6,0,1,3,0.43,3
17,6,0,1,3,0.43,3
17,6,0,1,3,0.43,3
17,6,0,1,3,0.43,3
17,6,0,1,3,0.43,3
17,6,0,1,3,0.43,3
17,6,0,1,3,0.43,3
17,6,0,1,3,0.43,3
17,6,0,1,3,0.43,3
17,6,0,1,3,0.43,3
17,6,0,1,3,0.43,3
17,6,0,1,3,0.43,3
17,6,0,1,3,0.43,3
17,6,0,1,3,0.43,3
17,6,0,1,3,0.43,3
17,6,0,1,3,0.43,3
17,6,0,1,3,0.43,3
17,6,0,1,3,0.43,3
17,6,0,1,3,0.43,3
17,6,0,1,3,0.43,3
17,6,0,1,3,0.43,3
17,6,0,1,3,0.43,3
17,6,0,1,3,0.43,3
17,6,0,1,3,0.43,3
17,6,0,1,3,0.43,3
17,6,0,1,3,0.43,3
17,6,0,1,3,0.43,3
17,6,0,1,3,0.43,3
17,6,0,1,3,0.43,3
17,6,0,1,3,0.43,3
17,6,0,1,3,0.43,3
17,6,0,1,3,0.43,3
17,6,0,1,3,0.43,3
17,6,0,1,3,0.43,3
18,6,0,1,3,0.43,3
18,6,0,1,3,0.43,3
18,6,0,1,3,0.43,3
18,6,0,1,3,0.43,3
18,6,0,1,3,0.43,3
18,6,0,1,3,0.43,3
18,6,0,1,3,0.43,3
18,6,0,1,3,0.43,3
18,6,0,1,3,0.43,3
18,6,0,1,3,0.43,3
18,6,0,1,3,0.43,3
18,6,0,1,3,0.43,3
18,6,0,1,3,0.43,3
18,6,0,1,3,0.43,3
18,6,0,1,3,0.43,3
18,6,0,1,3,0.43,3
18,6,0,1,3,0.43,3
18,6,0,1,3,0.43,3
18,6,0,1,3,0.43,3
18,6,0,1,3,0.43,3
18,6,0,1,3,0.43,3
18,6,0,1,3,0.43,3
18,6,0,1,3,0.43,3
18,6,0,1,3,0.43,3
18,6,0,1,3,0.43,3
18,6,0,1,3,0.43,3
18,6,0,1,3,0.43,3
18,6,0,1,3,0.43,3
18,6,0,1,3,0.43,3
18,6,0,1,3,0.43,3
18,6,0,1,3,0.43,3
18,6,0,1,3,0.43,3
18,6,0,1,3,0.43,3
18,6,0,1,3,0.43,3
18,6,0,1,3,0.43,3
18,6,0,1,3,0.43,3
18,6,0,1,3,0.43,3
18,6,0,1,3,0.43,3
18,6,0,1,3,0.43,3
18,6,0,1,3,0.43,3
18,6,0,1,3,0.43,3
18,6,0,1,3,0.43,3
18,6,0,1,3,0.43,3
18,6,0,1,3,0.43,3
18,6,0,1,3,0.43,3
18,6,0,1,3,0.43,3
18,6,0,1,3,0.43,3
18,6,0,1,3,0.43,3
18,6,0,1,3,0.43,3
18,6,0,1,3,0.43,3
18,6,0,1,3,0.43,3
18,6,0,1,3,0.43,3
18,6,0,1,3,0.43,3
18,6,0,1,3,0.43,3
18,6,0,1,3,0.43,3
18,6,0,1,3,0.43,3
18,6,0,1,3,0.43,3
18,6,0,1,3,0.43,3
18,6,0,1,3,0.43,3
18,6,0,1,3,0.43,3
19,6,0,1,3,1.0,2
19,6,0,1,3,1.0,2
19,6,0,1,3,1.0,2
19,6,0,1,3,1.0,2
19,6,0,1,3,1.0,2
19,6,0,1,3,1.0,2
19,6,0,1,3,1.0,2
19,6,0,1,3,1.0,2
19,6,0,1,3,1.0,2
19,6,0,1,3,1.0,2
19,6,0,1,3,1.0,2
19,6,0,1,3,1.0,2
19,6,0,1,3,1.0,2
19,6,0,1,3,1.0,2
19,6,0,1,3,1.0,2
19,6,0,1,3,1.0,2
19,6,0,1,3,1.0,2
19,6,0,1,3,1.0,2
19,6,0,1,3,1.0,2
19,6,0,1,3,1.0,2
19,6,0,1,3,1.0,2
19,6,0,1,3,1.0,2
19,6,0,1,3,1.0,2
19,6,0,1,3,1.0,2
19,6,0,1,3,1.0,2
19,6,0,1,3,1.0,2
19,6,0,1,3,1.0,2
19,6,0,1,3,1.0,2
19,6,0,1,3,1.0,2
19,6,0,1,3,1.0,2
19,6,0,1,3,1.0,2
19,6,0,1,3,1.0,2
19,6,0,1,3,1.0,2
19,6,0,1,3,1.0,2
19,6,0,1,3,1.0,2
19,6,0,1,3,1.0,2
19,6,0,1,3,1.0,2
19,6,0,1,3,1.0,2
19,6,0,1,3,1.0,2
19,6,0,1,3,1.0,2
19,6,0,1,3,1.0,2
19,6,0,1,3,1.0,2
19,6,0,1,3,1.0,2
19,6,0,1,3,1.0,2
19,6,0,1,3,1.0,2
19,6,0,1,3,1.0,2
19,6,0,1,3,1.0,2
19,6,0,1,3,1.0,2
19,6,0,1,3,1.0,2
19,6,0,1,3,1.0,2
19,6,0,1,3,1.0,2
19,6,0,1,3,1.0,2
19,6,0,1,3,1.0,2
19,6,0,1,3,1.0,2
19,6,0,1,3,1.0,2
19,6,0,1,3,1.0,2
19,6,0,1,3,1.0,2
19,6,0,1,3,1.0,2
19,6,0,1,3,1.0,2
19,6,0,1,3,1.0,2
20,6,0,1,3,1.0,2
20,6,0,1,3,1.0,2
20,6,0,1,3,1.0,2
20,6,0,1,3,1.0,2
20,6,0,1,3,1.0,2
20,6,0,1,3,1.0,2
20,6,0,1,3,1.0,2
20,6,0,1,3,1.0,2
20,6,0,1,3,1.0,2
20,6,0,1,3,1.0,2
20,6,0,1,3,1.0,2
20,6,0,1,3,1.0,2
20,6,0,1,3,1.0,2
20,6,0,1,3,1.0,2
20,6,0,1,3,1.0,2
20,6,0,1,3,1.0,2
20,6,0,1,3,1.0,2
20,6,0,1,3,1.0,2
20,6,0,1,3,1.0,2
20,6,0,1,3,1.0,2
20,6,0,1,3,1.0,2
20,6,0,1,3,1.0,2
20,6,0,1,3,1.0,2
20,6,0,1,3,1.0,2
20,6,0,1,3,1.0,2
20,6,0,1,3,1.0,2
20,6,0,1,3,1.0,2
20,6,0,1,3,1.0,2
20,6,0,1,3,1.0,2
20,6,0,1,3,1.0,2
20,6,0,1,3,1.0,2
20,6,0,1,3,1.0,2
20,6,0,1,3,1.0,2
20,6,0,1,3,1.0,2
20,6,0,1,3,1.0,2
20,6,0,1,3,1.0,2
20,6,0,1,3,1.0,2
20,6,0,1,3,1.0,2
20,6,0,1,3,1.0,2
20,6,0,1,3,1.0,2
20,6,0,1,3,1.0,2
20,6,0,1,3,1.0,2
20,6,0,1,3,1.0,2
20,6,0,1,3,1.0,2
20,6,0,1,3,1.0,2
20,6,0,1,3,1.0,2
20,6,0,1,3,1.0,2
20,6,0,1,3,1.0,2
20,6,0,1,3,1.0,2
20,6,0,1,3,1.0,2
20,6,0,1,3,1.0,2
20,6,0,1,3,1.0,2
20,6,0,1,3,1.0,2
20,6,0,1,3,1.0,2
20,6,0,1,3,1.0,2
20,6,0,1,3,1.0,2
20,6,0,1,3,1.0,2
20,6,0,1,3,1.0,2
20,6,0,1,3,1.0,2
20,6,0,1,3,1.0,2
21,6,0,1,3,1.0,2
21,6,0,1,3,1.0,2
21,6,0,1,3,1.0,2
21,6,0,1,3,1.0,2
21,6,0,1,3,1.0,2
21,6,0,1,3,1.0,2
21,6,0,1,3,1.0,2
21,6,0,1,3,1.0,2
21,6,0,1,3,1.0,2
21,6,0,1,3,1.0,2
21,6,0,1,3,1.0,2
21,6,0,1,3,1.0,2
21,6,0,1,3,1.0,2
21,6,0,1,3,1.0,2
21,6,0,1,3,1.0,2
21,6,0,1,3,1.0,2
21,6,0,1,3,1.0,2
21,6,0,1,3,1.0,2
21,6,0,1,3,1.0,2
21,6,0,1,3,1.0,2
21,6,0,1,3,1.0,2
21,6,0,1,3,1.0,2
21,6,0,1,3,1.0,2
21,6,0,1,3,1.0,2
21,6,0,1,3,1.0,2
21,6,0,1,3,1.0,2
21,6,0,1,3,1.0,2
21,6,0,1,3,1.0,2
21,6,0,1,3,1.0,2
21,6,0,1,3,1.0,2
21,6,0,1,3,1.0,2
21,6,0,1,3,1.0,2
21,6,0,1,3,1.0,2
21,6,0,1,3,1.0,2
21,6,0,1,3,1.0,2
21,6,0,1,3,1.0,2
21,6,0,1,3,1.0,2
21,6,0,1,3,1.0,2
21,6,0,1,3,1.0,2
21,6,0,1,3,1.0,2
21,6,0,1,3,1.0,2
21,6,0,1,3,1.0,2
21,6,0,1,3,1.0,2
21,6,0,1,3,1.0,2
21,6,0,1,3,1.0,2
21,6,0,1,3,1.0,2
21,6,0,1,3,1.0,2
21,6,0,1,3,1.0,2
21,6,0,1,3,1.0,2
21,6,0,1,3,1.0,2
21,6,0,1,3,1.0,2
21,6,0,1,3,1.0,2
21,6,0,1,3,1.0,2
21,6,0,1,3,1.0,2
21,6,0,1,3,1.0,2
21,6,0,1,3,1.0,2
21,6,0,1,3,1.0,2
21,6,0,1,3,1.0,2
21,6,0,1,3,1.0,2
21,6,0,1,3,1.0,2
22,6,0,1,3,1.0,2
22,6,0,1,3,1.0,2
22,6,0,1,3,1.0,2
22,6,0,1,3,1.0,2
22,6,0,1,3,1.0,2
22,6,0,1,3,1.0,2
22,6,0,1,3,1.0,2
22,6,0,1,3,1.0,2
22,6,0,1,3,1.0,2
22,6,0,1,3,1.0,2
22,6,0,1,3,1.0,2
22,6,0,1,3,1.0,2
22,6,0,1,3,1.0,2
22,6,0,1,3,1.0,2
22,6,0,1,3,1.0,2
22,6,0,1,3,1.0,2
22,6,0,1,3,1.0,2
22,6,0,1,3,1.0,2
22,6,0,1,3,1.0,2
22,6,0,1,3,1.0,2
22,6,0,1,3,1.0,2
22,6,0,1,3,1.0,2
22,6,0,1,3,1.0,2
22,6,0,1,3,1.0,2
22,6,0,1,3,1.0,2
22,6,0,1,3,1.0,2
22,6,0,1,3,1.0,2
22,6,0,1,3,1.0,2
22,6,0,1,3,1.0,2
22,6,0,1,3,1.0,2
22,6,0,1,3,1.0,2
22,6,0,1,3,1.0,2
22,6,0,1,3,1.0,2
22,6,0,1,3,1.0,2
22,6,0,1,3,1.0,2
22,6,0,1,3,1.0,2
22,6,0,1,3,1.0,2
22,6,0,1,3,1.0,2
22,6,0,1,3,1.0,2
22,6,0,1,3,1.0,2
22,6,0,1,3,1.0,2
22,6,0,1,3,1.0,2
22,6,0,1,3,1.0,2
22,6,0,1,3,1.0,2
22,6,0,1,3,1.0,2
22,6,0,1,3,1.0,2
22,6,0,1,3,1.0,2
22,6,0,1,3,1.0,2
22,6,0,1,3,1.0,2
22,6,0,1,3,1.0,2
22,6,0,1,3,1.0,2
22,6,0,1,3,1.0,2
22,6,0,1,3,1.0,2
22,6,0,1,3,1.0,2
22,6,0,1,3,1.0,2
22,6,0,1,3,1.0,2
22,6,0,1,3,1.0,2
22,6,0,1,3,1.0,2
22,6,0,1,3,1.0,2
22,6,0,1,3,1.0,2
23,6,0,1,3,1.0,2
23,6,0,1,3,1.0,2
23,6,0,1,3,1.0,2
23,6,0,1,3,1.0,2
23,6,0,1,3,1.0,2
23,6,0,1,3,1.0,2
23,6,0,1,3,1.0,2
23,6,0,1,3,1.0,2
23,6,0,1,3,1.0,2
23,6,0,1,3,1.0,2
23,6,0,1,3,1.0,2
23,6,0,1,3,1.0,2
23,6,0,1,3,1.0,2
23,6,0,1,3,1.0,2
23,6,0,1,3,1.0,2
23,6,0,1,3,1.0,2
23,6,0,1,3,1.0,2
23,6,0,1,3,1.0,2
23,6,0,1,3,1.0,2
23,6,0,1,3,1.0,2
23,6,0,1,3,1.0,2
23,6,0,1,3,1.0,2
23,6,0,1,3,1.0,2
23,6,0,1,3,1.0,2
23,6,0,1,3,1.0,2
23,6,0,1,3,1.0,2
23,6,0,1,3,1.0,2
23,6,0,1,3,1.0,2
23,6,0,1,3,1.0,2
23,6,0,1,3,1.0,2
23,6,0,1,3,1.0,2
23,6,0,1,3,1.0,2
23,6,0,1,3,1.0,2
23,6,0,1,3,1.0,2
23,6,0,1,3,1.0,2
23,6,0,1,3,1.0,2
23,6,0,1,3,1.0,2
23,6,0,1,3,1.0,2
23,6,0,1,3,1.0,2
23,6,0,1,3,1.0,2
23,6,0,1,3,1.0,2
23,6,0,1,3,1.0,2
23,6,0,1,3,1.0,2
23,6,0,1,3,1.0,2
23,6,0,1,3,1.0,2
23,6,0,1,3,1.0,2
23,6,0,1,3,1.0,2
23,6,0,1,3,1.0,2
23,6,0,1,3,1.0,2
23,6,0,1,3,1.0,2
23,6,0,1,3,1.0,2
23,6,0,1,3,1.0,2
23,6,0,1,3,1.0,2
23,6,0,1,3,1.0,2
23,6,0,1,3,1.0,2
23,6,0,1,3,1.0,2
23,6,0,1,3,1.0,2
23,6,0,1,3,1.0,2
23,6,0,1,3,1.0,2
23,6,0,1,3,1.0,2
0,0,0,0,3,2.12,5
0,0,0,0,3,2.12,5
0,0,0,0,3,2.12,5
0,0,0,0,3,2.12,5
0,0,0,0,3,2.12,5
0,0,0,0,3,2.12,5
0,0,0,0,3,2.12,5
0,0,0,0,3,2.12,5
0,0,0,0,3,2.12,5
0,0,0,0,3,2.12,5
0,0,0,0,3,2.12,5
0,0,0,0,3,2.12,5
0,0,0,0,3,2.12,5
0,0,0,0,3,2.12,5
0,0,0,0,3,2.12,5
0,0,0,0,3,2.12,5
0,0,0,0,3,2.12,5
0,0,0,0,3,2.12,5
0,0,0,0,3,2.12,5
0,0,0,0,3,2.12,5
0,0,0,0,3,2.12,5
0,0,0,0,3,2.12,5
0,0,0,0,3,2.12,5
0,0,0,0,3,2.12,5
0,0,0,0,3,2.12,5
0,0,0,0,3,2.12,5
0,0,0,0,3,2.12,5
0,0,0,0,3,2.12,5
0,0,0,0,3,2.12,5
0,0,0,0,3,2.12,5
0,0,0,0,3,2.12,5
0,0,0,0,3,2.12,5
0,0,0,0,3,2.12,5
0,0,0,0,3,2.12,5
0,0,0,0,3,2.12,5
0,0,0,0,3,2.12,5
0,0,0,0,3,2.12,5
0,0,0,0,3,2.12,5
0,0,0,0,3,2.12,5
0,0,0,0,3,2.12,5
0,0,0,0,3,2.12,5
0,0,0,0,3,2.12,5
0,0,0,0,3,2.12,5
0,0,0,0,3,2.12,5
0,0,0,0,3,2.12,5
0,0,0,0,3,2.12,5
0,0,0,0,3,2.12,5
0,0,0,0,3,2.12,5
0,0,0,0,3,2.12,5
0,0,0,0,3,2.12,5
0,0,0,0,3,2.12,5
0,0,0,0,3,2.12,5
0,0,0,0,3,2.12,5
0,0,0,0,3,2.12,5
0,0,0,0,3,2.12,5
0,0,0,0,3,2.12,5
0,0,0,0,3,2.12,5
0,0,0,0,3,2.12,5
0,0,0,0,3,2.12,5
0,0,0,0,3,2.12,5
1,0,0,0,3,2.12,5
1,0,0,0,3,2.12,5
1,0,0,0,3,2.12,5
1,0,0,0,3,2.12,5
1,0,0,0,3,2.12,5
1,0,0,0,3,2.12,5
1,0,0,0,3,2.12,5
1,0,0,0,3,2.12,5
1,0,0,0,3,2.12,5
1,0,0,0,3,2.12,5
1,0,0,0,3,2.12,5
1,0,0,0,3,2.12,5
1,0,0,0,3,2.12,5
1,0,0,0,3,2.12,5
1,0,0,0,3,2.12,5
1,0,0,0,3,2.12,5
1,0,0,0,3,2.12,5
1,0,0,0,3,2.12,5
1,0,0,0,3,2.12,5
1,0,0,0,3,2.12,5
1,0,0,0,3,2.12,5
1,0,0,0,3,2.12,5
1,0,0,0,3,2.12,5
1,0,0,0,3,2.12,5
1,0,0,0,3,2.12,5
1,0,0,0,3,2.12,5
1,0,0,0,3,2.12,5
1,0,0,0,3,2.12,5
1,0,0,0,3,2.12,5
1,0,0,0,3,2.12,5
1,0,0,0,3,2.12,5
1,0,0,0,3,2.12,5
1,0,0,0,2,3.12,5
1,0,0,0,2,3.12,5
1,0,0,0,2,3.12,5
1,0,0,0,2,3.12,5
1,0,0,0,2,3.12,5
1,0,0,0,2,3.12,5
1,0,0,0,2,3.12,5
1,0,0,0,2,3.12,5
1,0,0,0,2,3.12,5
1,0,0,0,2,3.12,5
1,0,0,0,2,3.12,5
1,0,0,0,2,3.12,5
1,0,0,0,2,3.12,5
1,0,0,0,2,3.12,5
1,0,0,0,2,3.12,5
1,0,0,0,2,3.12,5
1,0,0,0,2,3.12,5
1,0,0,0,2,3.12,5
1,0,0,0,2,3.12,5
1,0,0,0,2,3.12,5
1,0,0,0,2,3.12,5
1,0,0,0,2,3.12,5
1,0,0,0,2,3.12,5
1,0,0,0,2,3.12,5
1,0,0,0,2,3.12,5
1,0,0,0,2,3.12,5
1,0,0,0,2,3.12,5
1,0,0,0,2,3.12,5
2,0,0,0,2,2.67,5
2,0,0,0,2,2.67,5
2,0,0,0,2,2.67,5
2,0,0,0,2,2.67,5
2,0,0,0,2,2.67,5
2,0,0,0,2,2.67,5
2,0,0,0,2,2.67,5
2,0,0,0,2,2.67,5
2,0,0,0,2,2.67,5
2,0,0,0,2,2.67,5
2,0,0,0,2,2.67,5
2,0,0,0,2,2.67,5
2,0,0,0,2,2.67,5
2,0,0,0,2,2.67,5
2,0,0,0,2,2.67,5
2,0,0,0,2,2.67,5
2,0,0,0,2,2.67,5
2,0,0,0,2,2.67,5
2,0,0,0,2,2.67,5
2,0,0,0,2,2.67,5
2,0,0,0,2,2.67,5
2,0,0,0,2,2.67,5
2,0,0,0,2,2.67,5
2,0,0,0,2,2.67,5
2,0,0,0,2,2.67,5
2,0,0,0,2,2.67,5
2,0,0,0,2,2.67,5
2,0,0,0,2,2.67,5
2,0,0,0,2,2.67,5
2,0,0,0,2,2.67,5
2,0,0,0,2,2.67,5
2,0,0,0,2,2.67,5
2,0,0,0,2,2.67,5
2,0,0,0,2,2.67,5
2,0,0,0,2,2.67,5
2,0,0,0,2,2.67,5
2,0,0,0,2,2.67,5
2,0,0,0,2,2.67,5
2,0,0,0,2,2.67,5
2,0,0,0,2,2.67,5
2,0,0,0,2,2.67,5
2,0,0,0,2,2.67,5
2,0,0,0,2,2.67,5
2,0,0,0,2,2.67,5
2,0,0,0,2,2.67,5
2,0,0,0,2,2.67,5
2,0,0,0,2,2.67,5
2,0,0,0,2,2.67,5
2,0,0,0,2,2.67,5
2,0,0,0,2,2.67,5
2,0,0,0,2,2.67,5
2,0,0,0,2,2.67,5
2,0,0,0,2,2.67,5
2,0,0,0,2,2.67,5
2,0,0,0,2,2.67,5
2,0,0,0,2,2.67,5
2,0,0,0,2,2.67,5
2,0,0,0,2,2.67,5
2,0,0,0,2,2.67,5
2,0,0,0,2,2.67,5
3,0,0,0,2,0.56,3
3,0,0,0,2,0.56,3
3,0,0,0,2,0.56,3
3,0,0,0,2,0.56,3
3,0,0,0,2,0.56,3
3,0,0,0,2,0.56,3
3,0,0,0,2,0.56,3
3,0,0,0,2,0.56,3
3,0,0,0,2,0.56,3
3,0,0,0,2,0.56,3
3,0,0,0,2,0.56,3
3,0,0,0,2,0.56,3
3,0,0,0,2,0.56,3
3,0,0,0,2,0.56,3
3,0,0,0,2,0.56,3
3,0,0,0,2,0.56,3
3,0,0,0,2,0.56,3
3,0,0,0,2,0.56,3
3,0,0,0,2,0.56,3
3,0,0,0,2,0.56,3
3,0,0,0,2,0.56,3
3,0,0,0,2,0.56,3
3,0,0,0,2,0.56,3
3,0,0,0,2,0.56,3
3,0,0,0,2,0.56,3
3,0,0,0,2,0.56,3
3,0,0,0,2,0.56,3
3,0,0,0,2,0.56,3
3,0,0,0,2,0.56,3
3,0,0,0,2,0.56,3
3,0,0,0,2,0.56,3
3,0,0,0,2,0.56,3
3,0,0,0,2,0.56,3
3,0,0,0,2,0.56,3
3,0,0,0,2,0.56,3
3,0,0,0,2,0.56,3
3,0,0,0,2,0.56,3
3,0,0,0,2,0.56,3
3,0,0,0,2,0.56,3
3,0,0,0,2,0.56,3
3,0,0,0,2,0.56,3
3,0,0,0,2,0.56,3
3,0,0,0,2,0.56,3
3,0,0,0,2,0.56,3
3,0,0,0,2,0.56,3
3,0,0,0,2,0.56,3
3,0,0,0,2,0.56,3
3,0,0,0,2,0.56,3
3,0,0,0,2,0.56,3
3,0,0,0,2,0.56,3
3,0,0,0,2,0.56,3
3,0,0,0,2,0.56,3
3,0,0,0,2,0.56,3
3,0,0,0,2,0.56,3
3,0,0,0,2,0.56,3
3,0,0,0,2,0.56,3
3,0,0,0,2,0.56,3
3,0,0,0,2,0.56,3
3,0,0,0,2,0.56,3
3,0,0,0,2,0.56,3
4,0,0,0,2,0.0,2
4,0,0,0,2,0.0,2
4,0,0,0,2,0.0,2
4,0,0,0,2,0.0,2
4,0,0,0,2,0.0,2
4,0,0,0,2,0.0,2
4,0,0,0,2,0.0,2
4,0,0,0,2,0.0,2
4,0,0,0,2,0.0,2
4,0,0,0,2,0.0,2
4,0,0,0,2,0.0,2
4,0,0,0,2,0.0,2
4,0,0,0,2,0.0,2
4,0,0,0,2,0.0,2
4,0,0,0,2,0.0,2
4,0,0,0,2,0.0,2
4,0,0,0,2,0.0,2
4,0,0,0,2,0.0,2
4,0,0,0,2,0.0,2
4,0,0,0,2,0.0,2
4,0,0,0,2,0.0,2
4,0,0,0,2,0.0,2
4,0,0,0,2,0.0,2
4,0,0,0,2,0.0,2
4,0,0,0,2,0.0,2
4,0,0,0,2,0.0,2
4,0,0,0,2,0.0,2
4,0,0,0,2,0.0,2
4,0,0,0,2,0.0,2
4,0,0,0,2,0.0,2
4,0,0,0,2,0.0,2
4,0,0,0,2,0.0,2
4,0,0,0,2,0.0,2
4,0,0,0,2,0.0,2
4,0,0,0,2,0.0,2
4,0,0,0,2,0.0,2
4,0,0,0,2,0.0,2
4,0,0,0,2,0.0,2
4,0,0,0,2,0.0,2
4,0,0,0,2,0.0,2
4,0,0,0,2,0.0,2
4,0,0,0,2,0.0,2
4,0,0,0,2,0.0,2
4,0,0,0,2,0.0,2
4,0,0,0,2,0.0,2
4,0,0,0,2,0.0,2
4,0,0,0,2,0.0,2
4,0,0,0,2,0.0,2
4,0,0,0,2,0.0,2
4,0,0,0,2,0.0,2
4,0,0,0,2,0.0,2
4,0,0,0,2,0.0,2
4,0,0,0,2,0.0,2
4,0,0,0,2,0.0,2
4,0,0,0,2,0.0,2
4,0,0,0,2,0.0,2
4,0,0,0,2,0.0,2
4,0,0,0,2,0.0,2
4,0,0,0,2,0.0,2
4,0,0,0,2,0.0,2
5,0,0,0,2,0.0,2
5,0,0,0,2,0.0,2
5,0,0,0,2,0.0,2
5,0,0,0,2,0.0,2
5,0,0,0,2,0.0,2
5,0,0,0,2,0.0,2
5,0,0,0,2,0.0,2
5,0,0,0,2,0.0,2
5,0,0,0,2,0.0,2
5,0,0,0,2,0.0,2
5,0,0,0,2,0.0,2
5,0,0,0,2,0.0,2
5,0,0,0,2,0.0,2
5,0,0,0,2,0.0,2
5,0,0,0,2,0.0,2
5,0,0,0,2,0.0,2
5,0,0,0,2,0.0,2
5,0,0,0,2,0.0,2
5,0,0,0,2,0.0,2
5,0,0,0,2,0.0,2
5,0,0,0,2,0.0,2
5,0,0,0,2,0.0,2
5,0,0,0,2,0.0,2
5,0,0,0,2,0.0,2
5,0,0,0,2,0.0,2
5,0,0,0,2,0.0,2
5,0,0,0,2,0.0,2
5,0,0,0,2,0.0,2
5,0,0,0,2,0.0,2
5,0,0,0,2,0.0,2
5,0,0,0,2,0.0,2
5,0,0,0,2,0.0,2
5,0,0,0,2,0.0,2
5,0,0,0,2,0.0,2
5,0,0,0,2,0.0,2
5,0,0,0,2,0.0,2
5,0,0,0,2,0.0,2
5,0,0,0,2,0.0,2
5,0,0,0,3,1.0,2
5,0,0,0,3,1.0,2
5,0,0,0,3,1.0,2
5,0,0,0,3,1.0,2
5,0,0,0,3,1.0,2
5,0,0,0,3,1.0,2
5,0,0,0,3,1.0,2
5,0,0,0,3,1.0,2
5,0,0,0,3,1.0,2
5,0,0,0,3,1.0,2
5,0,0,0,3,1.0,2
5,0,0,0,3,1.0,2
5,0,0,0,3,1.0,2
5,0,0,0,3,1.0,2
5,0,0,0,3,1.0,2
5,0,0,0,3,1.0,2
5,0,0,0,3,1.0,2
5,0,0,0,3,1.0,2
5,0,0,0,3,1.0,2
5,0,0,0,3,1.0,2
5,0,0,0,3,1.0,2
5,0,0,0,3,1.0,2
6,0,0,0,3,0.62,2
6,0,0,0,3,0.62,2
6,0,0,0,3,0.62,2
6,0,0,0,3,0.62,2
6,0,0,0,3,0.62,2
6,0,0,0,3,0.62,2
6,0,0,0,3,0.62,2
6,0,0,0,3,0.62,2
6,0,0,0,3,0.62,2
6,0,0,0,3,0.62,2
6,0,0,0,3,0.62,2
6,0,0,0,3,0.62,2
6,0,0,0,3,0.62,2
6,0,0,0,3,0.62,2
6,0,0,0,3,0.62,2
6,0,0,0,3,0.62,2
6,0,0,0,3,0.62,2
6,0,0,0,3,0.62,2
6,0,0,0,3,0.62,2
6,0,0,0,3,0.62,2
6,0,0,0,3,0.62,2
6,0,0,0,3,0.62,2
6,0,0,0,3,0.62,2
6,0,0,0,3,0.62,2
6,0,0,0,3,0.62,2
6,0,0,0,3,0.62,2
6,0,0,0,3,0.62,2
6,0,0,0,3,0.62,2
6,0,0,0,3,0.62,2
6,0,0,0,3,0.62,2
6,0,0,0,3,0.62,2
6,0,0,0,3,0.62,2
6,0,0,0,3,0.62,2
6,0,0,0,3,0.62,2
6,0,0,0,3,0.62,2
6,0,0,0,3,0.62,2
6,0,0,0,3,0.62,2
6,0,0,0,3,0.62,2
6,0,0,0,3,0.62,2
6,0,0,0,3,0.62,2
6,0,0,0,3,0.62,2
6,0,0,0,3,0.62,2
6,0,0,0,3,0.62,2
6,0,0,0,3,0.62,2
6,0,0,0,3,0.62,2
6,0,0,0,3,0.62,2
6,0,0,0,3,0.62,2
6,0,0,0,3,0.62,2
6,0,0,0,3,0.62,2
6,0,0,0,3,0.62,2
6,0,0,0,3,0.62,2
6,0,0,0,3,0.62,2
6,0,0,0,3,0.62,2
6,0,0,0,3,0.62,2
6,0,0,0,3,0.62,2
6,0,0,0,3,0.62,2
6,0,0,0,3,0.62,2
6,0,0,0,3,0.62,2
6,0,0,0,3,0.62,2
6,0,0,0,3,0.62,2
7,0,0,0,3,0.52,2
7,0,0,0,3,0.52,2
7,0,0,0,3,0.52,2
7,0,0,0,3,0.52,2
7,0,0,0,3,0.52,2
7,0,0,0,3,0.52,2
7,0,0,0,3,0.52,2
7,0,0,0,3,0.52,2
7,0,0,0,3,0.52,2
7,0,0,0,3,0.52,2
7,0,0,0,3,0.52,2
7,0,0,0,3,0.52,2
7,0,0,0,3,0.52,2
7,0,0,0,3,0.52,2
7,0,0,0,3,0.52,2
7,0,0,0,3,0.52,2
7,0,0,0,3,0.52,2
7,0,0,0,3,0.52,2
7,0,0,0,3,0.52,2
7,0,0,0,3,0.52,2
7,0,0,0,3,0.52,2
7,0,0,0,3,0.52,2
7,0,0,0,3,0.52,2
7,0,0,0,3,0.52,2
7,0,0,0,3,0.52,2
7,0,0,0,3,0.52,2
7,0,0,0,3,0.52,2
7,0,0,0,3,0.52,2
7,0,0,0,3,0.52,2
7,0,0,0,3,0.52,2
7,0,0,0,3,0.52,2
7,0,0,0,3,0.52,2
7,0,0,0,3,0.52,2
7,0,0,0,3,0.52,2
7,0,0,0,3,0.52,2
7,0,0,0,3,0.52,2
7,0,0,0,3,0.52,2
7,0,0,0,3,0.52,2
7,0,0,0,3,0.52,2
7,0,0,0,3,0.52,2
7,0,0,0,3,0.52,2
7,0,0,0,3,0.52,2
7,0,0,0,3,0.52,2
7,0,0,0,3,0.52,2
7,0,0,0,3,0.52,2
7,0,0,0,3,0.52,2
7,0,0,0,3,0.52,2
7,0,0,0,3,0.52,2
7,0,0,0,3,0.52,2
7,0,0,0,3,0.52,2
7,0,0,0,3,0.52,2
7,0,0,0,3,0.52,2
7,0,0,0,3,0.52,2
7,0,0,0,3,0.52,2
7,0,0,0,3,0.52,2
7,0,0,0,3,0.52,2
7,0,0,0,3,0.52,2
7,0,0,0,3,0.52,2
7,0,0,0,3,0.52,2
7,0,0,0,3,0.52,2
8,0,0,0,3,0.52,2
8,0,0,0,3,0.52,2
8,0,0,0,3,0.52,2
8,0,0,0,3,0.52,2
8,0,0,0,3,0.52,2
8,0,0,0,3,0.52,2
8,0,0,0,4,1.52,2
8,0,0,0,4,1.52,2
8,0,0,0,4,1.52,2
8,0,0,0,4,1.52,2
8,0,0,0,4,1.52,2
8,0,0,0,4,1.52,2
8,0,0,0,4,1.52,2
8,0,0,0,4,1.52,2
8,0,0,0,4,1.52,2
8,0,0,0,4,1.52,2
8,0,0,0,4,1.52,2
8,0,0,0,4,1.52,2
8,0,0,0,4,1.52,2
8,0,0,0,4,1.52,2
8,0,0,0,4,1.52,2
8,0,0,0,4,1.52,2
8,0,0,0,4,1.52,2
8,0,0,0,4,1.52,2
8,0,0,0,4,1.52,2
8,0,0,0,4,1.52,2
8,0,0,0,4,1.52,2
8,0,0,0,4,1.52,2
8,0,0,0,4,1.52,2
8,0,0,0,4,1.52,2
8,0,0,0,5,2.52,2
8,0,0,0,5,2.52,2
8,0,0,0,6,3.52,2
8,0,0,0,6,3.52,2
8,0,0,0,6,3.52,2
8,0,0,0,6,3.52,2
8,0,0,0,6,3.52,2
8,0,0,0,6,3.52,2
8,0,0,0,6,3.52,2
8,0,0,0,6,3.52,2
8,0,0,0,6,3.52,2
8,0,0,0,6,3.52,2
8,0,0,0,6,3.52,2
8,0,0,0,6,3.52,2
8,0,0,0,6,3.52,2
8,0,0,0,6,3.52,2
8,0,0,0,6,3.52,2
8,0,0,0,6,3.52,2
8,0,0,0,6,3.52,2
8,0,0,0,6,3.52,2
8,0,0,0,6,3.52,2
8,0,0,0,6,3.52,2
8,0,0,0,6,3.52,2
8,0,0,0,6,3.52,2
8,0,0,0,6,3.52,2
8,0,0,0,6,3.52,2
8,0,0,0,6,3.52,2
8,0,0,0,6,3.52,2
8,0,0,0,6,3.52,2
8,0,0,0,6,3.52,2
9,0,0,0,6,3.49,3
9,0,0,0,6,3.49,3
9,0,0,0,6,3.49,3
9,0,0,0,6,3.49,3
9,0,0,0,6,3.49,3
9,0,0,0,6,3.49,3
9,0,0,0,6,3.49,3
9,0,0,0,6,3.49,3
9,0,0,0,6,3.49,3
9,0,0,0,6,3.49,3
9,0,0,0,6,3.49,3
9,0,0,0,6,3.49,3
9,0,0,0,6,3.49,3
9,0,0,0,6,3.49,3
9,0,0,0,6,3.49,3
9,0,0,0,6,3.49,3
9,0,0,0,6,3.49,3
9,0,0,0,6,3.49,3
9,0,0,0,6,3.49,3
9,0,0,0,5,2.49,3
9,0,0,0,5,2.49,3
9,0,0,0,5,2.49,3
9,0,0,0,5,2.49,3
9,0,0,0,5,2.49,3
9,0,0,0,5,2.49,3
9,0,0,0,5,2.49,3
9,0,0,0,5,2.49,3
9,0,0,0,5,2.49,3
9,0,0,0,5,2.49,3
9,0,0,0,5,2.49,3
9,0,0,0,5,2.49,3
9,0,0,0,5,2.49,3
9,0,0,0,5,2.49,3
9,0,0,0,5,2.49,3
9,0,0,0,5,2.49,3
9,0,0,0,5,2.49,3
9,0,0,0,5,2.49,3
9,0,0,0,5,2.49,3
9,0,0,0,5,2.49,3
9,0,0,0,5,2.49,3
9,0,0,0,5,2.49,3
9,0,0,0,5,2.49,3
9,0,0,0,5,2.49,3
9,0,0,0,5,2.49,3
9,0,0,0,5,2.49,3
9,0,0,0,5,2.49,3
9,0,0,0,5,2.49,3
9,0,0,0,5,2.49,3
9,0,0,0,5,2.49,3
9,0,0,0,5,2.49,3
9,0,0,0,5,2.49,3
9,0,0,0,5,2.49,3
9,0,0,0,5,2.49,3
9,0,0,0,5,2.49,3
9,0,0,0,5,2.49,3
9,0,0,0,5,2.49,3
9,0,0,0,5,2.49,3
9,0,0,0,5,2.49,3
9,0,0,0,5,2.49,3
9,0,0,0,5,2.49,3
10,0,0,0,5,1.08,4
10,0,0,0,5,1.08,4
10,0,0,0,5,1.08,4
10,0,0,0,5,1.08,4
10,0,0,0,5,1.08,4
10,0,0,0,5,1.08,4
10,0,0,0,5,1.08,4
10,0,0,0,5,1.08,4
10,0,0,0,5,1.08,4
10,0,0,0,5,1.08,4
10,0,0,0,5,1.08,4
10,0,0,0,5,1.08,4
10,0,0,0,5,1.08,4
10,0,0,0,5,1.08,4
10,0,0,0,5,1.08,4
10,0,0,0,5,1.08,4
10,0,0,0,5,1.08,4
10,0,0,0,5,1.08,4
10,0,0,0,5,1.08,4
10,0,0,0,5,1.08,4
10,0,0,0,5,1.08,4
10,0,0,0,5,1.08,4
10,0,0,0,5,1.08,4
10,0,0,0,5,1.08,4
10,0,0,0,5,1.08,4
10,0,0,0,5,1.08,4
10,0,0,0,5,1.08,4
10,0,0,0,5,1.08,4
10,0,0,0,5,1.08,4
10,0,0,0,5,1.08,4
10,0,0,0,5,1.08,4
10,0,0,0,5,1.08,4
10,0,0,0,5,1.08,4
10,0,0,0,5,1.08,4
10,0,0,0,5,1.08,4
10,0,0,0,5,1.08,4
10,0,0,0,5,1.08,4
10,0,0,0,5,1.08,4
10,0,0,0,5,1.08,4
10,0,0,0,5,1.08,4
10,0,0,0,5,1.08,4
10,0,0,0,5,1.08,4
10,0,0,0,5,1.08,4
10,0,0,0,5,1.08,4
10,0,0,0,5,1.08,4
10,0,0,0,5,1.08,4
10,0,0,0,5,1.08,4
10,0,0,0,5,1.08,4
10,0,0,0,5,1.08,4
10,0,0,0,5,1.08,4
10,0,0,0,5,1.08,4
10,0,0,0,5,1.08,4
10,0,0,0,5,1.08,4
10,0,0,0,5,1.08,4
10,0,0,0,5,1.08,4
10,0,0,0,5,1.08,4
10,0,0,0,5,1.08,4
10,0,0,0,5,1.08,4
10,0,0,0,5,1.08,4
10,0,0,0,5,1.08,4
11,0,0,0,5,1.34,4
11,0,0,0,5,1.34,4
11,0,0,0,5,1.34,4
11,0,0,0,5,1.34,4
11,0,0,0,5,1.34,4
11,0,0,0,5,1.34,4
11,0,0,0,5,1.34,4
11,0,0,0,5,1.34,4
11,0,0,0,5,1.34,4
11,0,0,0,5,1.34,4
11,0,0,0,5,1.34,4
11,0,0,0,5,1.34,4
11,0,0,0,5,1.34,4
11,0,0,0,5,1.34,4
11,0,0,0,5,1.34,4
11,0,0,0,5,1.34,4
11,0,0,0,5,1.34,4
11,0,0,0,5,1.34,4
11,0,0,0,5,1.34,4
11,0,0,0,5,1.34,4
11,0,0,0,5,1.34,4
11,0,0,0,5,1.34,4
11,0,0,0,5,1.34,4
11,0,0,0,5,1.34,4
11,0,0,0,5,1.34,4
11,0,0,0,5,1.34,4
11,0,0,0,5,1.34,4
11,0,0,0,5,1.34,4
11,0,0,0,5,1.34,4
11,0,0,0,5,1.34,4
11,0,0,0,5,1.34,4
11,0,0,0,5,1.34,4
11,0,0,0,5,1.34,4
11,0,0,0,5,1.34,4
11,0,0,0,5,1.34,4
11,0,0,0,5,1.34,4
11,0,0,0,5,1.34,4
11,0,0,0,5,1.34,4
11,0,0,0,5,1.34,4
11,0,0,0,5,1.34,4
11,0,0,0,5,1.34,4
11,0,0,0,5,1.34,4
11,0,0,0,5,1.34,4
11,0,0,0,5,1.34,4
11,0,0,0,5,1.34,4
11,0,0,0,5,1.34,4
11,0,0,0,5,1.34,4
11,0,0,0,5,1.34,4
11,0,0,0,5,1.34,4
11,0,0,0,5,1.34,4
11,0,0,0,5,1.34,4
11,0,0,0,5,1.34,4
11,0,0,0,5,1.34,4
11,0,0,0,5,1.34,4
11,0,0,0,5,1.34,4
11,0,0,0,5,1.34,4
11,0,0,0,5,1.34,4
11,0,0,0,5,1.34,4
11,0,0,0,5,1.34,4
11,0,0,0,5,1.34,4
12,0,0,0,5,1.71,3
12,0,0,0,5,1.71,3
12,0,0,0,5,1.71,3
12,0,0,0,5,1.71,3
12,0,0,0,5,1.71,3
12,0,0,0,5,1.71,3
12,0,0,0,5,1.71,3
12,0,0,0,5,1.71,3
12,0,0,0,5,1.71,3
12,0,0,0,5,1.71,3
12,0,0,0,5,1.71,3
12,0,0,0,5,1.71,3
12,0,0,0,5,1.71,3
12,0,0,0,5,1.71,3
12,0,0,0,5,1.71,3
12,0,0,0,5,1.71,3
12,0,0,0,5,1.71,3
12,0,0,0,5,1.71,3
12,0,0,0,5,1.71,3
12,0,0,0,5,1.71,3
12,0,0,0,5,1.71,3
12,0,0,0,5,1.71,3
12,0,0,0,5,1.71,3
12,0,0,0,5,1.71,3
12,0,0,0,5,1.71,3
12,0,0,0,5,1.71,3
12,0,0,0,5,1.71,3
12,0,0,0,5,1.71,3
12,0,0,0,5,1.71,3
12,0,0,0,5,1.71,3
12,0,0,0,5,1.71,3
12,0,0,0,5,1.71,3
12,0,0,0,5,1.71,3
12,0,0,0,5,1.71,3
12,0,0,0,5,1.71,3
12,0,0,0,5,1.71,3
12,0,0,0,5,1.71,3
12,0,0,0,5,1.71,3
12,0,0,0,5,1.71,3
12,0,0,0,5,1.71,3
12,0,0,0,5,1.71,3
12,0,0,0,5,1.71,3
12,0,0,0,5,1.71,3
12,0,0,0,5,1.71,3
12,0,0,0,5,1.71,3
12,0,0,0,5,1.71,3
12,0,0,0,5,1.71,3
12,0,0,0,5,1.71,3
12,0,0,0,5,1.71,3
12,0,0,0,5,1.71,3
12,0,0,0,5,1.71,3
12,0,0,0,5,1.71,3
12,0,0,0,5,1.71,3
12,0,0,0,5,1.71,3
12,0,0,0,5,1.71,3
12,0,0,0,5,1.71,3
12,0,0,0,5,1.71,3
12,0,0,0,5,1.71,3
12,0,0,0,5,1.71,3
12,0,0,0,5,1.71,3
13,0,0,0,5,2.08,3
13,0,0,0,5,2.08,3
13,0,0,0,5,2.08,3
13,0,0,0,5,2.08,3
13,0,0,0,5,2.08,3
13,0,0,0,5,2.08,3
13,0,0,0,5,2.08,3
13,0,0,0,5,2.08,3
13,0,0,0,5,2.08,3
13,0,0,0,5,2.08,3
13,0,0,0,5,2.08,3
13,0,0,0,5,2.08,3
13,0,0,0,5,2.08,3
13,0,0,0,5,2.08,3
13,0,0,0,5,2.08,3
13,0,0,0,5,2.08,3
13,0,0,0,5,2.08,3
13,0,0,0,6,3.08,3
13,0,0,0,6,3.08,3
13,0,0,0,6,3.08,3
13,0,0,0,6,3.08,3
13,0,0,0,6,3.08,3
13,0,0,0,6,3.08,3
13,0,0,0,6,3.08,3
13,0,0,0,6,3.08,3
13,0,0,0,6,3.08,3
13,0,0,0,6,3.08,3
13,0,0,0,6,3.08,3
13,0,0,0,6,3.08,3
13,0,0,0,6,3.08,3
13,0,0,0,6,3.08,3
13,0,0,0,6,3.08,3
13,0,0,0,6,3.08,3
13,0,0,0,6,3.08,3
13,0,0,0,6,3.08,3
13,0,0,0,6,3.08,3
13,0,0,0,6,3.08,3
13,0,0,0,6,3.08,3
13,0,0,0,6,3.08,3
13,0,0,0,6,3.08,3
13,0,0,0,6,3.08,3
13,0,0,0,6,3.08,3
13,0,0,0,6,3.08,3
13,0,0,0,6,3.08,3
13,0,0,0,6,3.08,3
13,0,0,0,6,3.08,3
13,0,0,0,6,3.08,3
13,0,0,0,6,3.08,3
13,0,0,0,6,3.08,3
13,0,0,0,6,3.08,3
13,0,0,0,6,3.08,3
13,0,0,0,6,3.08,3
13,0,0,0,6,3.08,3
13,0,0,0,6,3.08,3
13,0,0,0,6,3.08,3
13,0,0,0,6,3.08,3
13,0,0,0,6,3.08,3
13,0,0,0,6,3.08,3
13,0,0,0,6,3.08,3
13,0,0,0,6,3.08,3
14,0,0,0,6,2.92,3
14,0,0,0,6,2.92,3
14,0,0,0,6,2.92,3
14,0,0,0,6,2.92,3
14,0,0,0,6,2.92,3
14,0,0,0,6,2.92,3
14,0,0,0,6,2.92,3
14,0,0,0,6,2.92,3
14,0,0,0,6,2.92,3
14,0,0,0,6,2.92,3
14,0,0,0,6,2.92,3
14,0,0,0,6,2.92,3
14,0,0,0,6,2.92,3
14,0,0,0,6,2.92,3
14,0,0,0,6,2.92,3
14,0,0,0,6,2.92,3
14,0,0,0,6,2.92,3
14,0,0,0,6,2.92,3
14,0,0,0,6,2.92,3
14,0,0,0,6,2.92,3
14,0,0,0,6,2.92,3
14,0,0,0,6,2.92,3
14,0,0,0,6,2.92,3
14,0,0,0,6,2.92,3
14,0,0,0,6,2.92,3
14,0,0,0,6,2.92,3
14,0,0,0,6,2.92,3
14,0,0,0,6,2.92,3
14,0,0,0,6,2.92,3
14,0,0,0,6,2.92,3
14,0,0,0,6,2.92,3
14,0,0,0,6,2.92,3
14,0,0,0,6,2.92,3
14,0,0,0,6,2.92,3
14,0,0,0,6,2.92,3
14,0,0,0,6,2.92,3
14,0,0,0,6,2.92,3
14,0,0,0,6,2.92,3
14,0,0,0,6,2.92,3
14,0,0,0,6,2.92,3
14,0,0,0,6,2.92,3
14,0,0,0,6,2.92,3
14,0,0,0,6,2.92,3
14,0,0,0,6,2.92,3
14,0,0,0,6,2.92,3
14,0,0,0,6,2.92,3
14,0,0,0,6,2.92,3
14,0,0,0,6,2.92,3
14,0,0,0,6,2.92,3
14,0,0,0,6,2.92,3
14,0,0,0,6,2.92,3
14,0,0,0,6,2.92,3
14,0,0,0,6,2.92,3
14,0,0,0,6,2.92,3
14,0,0,0,6,2.92,3
14,0,0,0,6,2.92,3
14,0,0,0,6,2.92,3
14,0,0,0,6,2.92,3
14,0,0,0,6,2.92,3
14,0,0,0,6,2.92,3
15,0,0,0,6,2.87,3
15,0,0,0,6,2.87,3
15,0,0,0,6,2.87,3
15,0,0,0,6,2.87,3
15,0,0,0,6,2.87,3
15,0,0,0,6,2.87,3
15,0,0,0,6,2.87,3
15,0,0,0,6,2.87,3
15,0,0,0,6,2.87,3
15,0,0,0,6,2.87,3
15,0,0,0,6,2.87,3
15,0,0,0,6,2.87,3
15,0,0,0,6,2.87,3
15,0,0,0,6,2.87,3
15,0,0,0,6,2.87,3
15,0,0,0,6,2.87,3
15,0,0,0,6,2.87,3
15,0,0,0,6,2.87,3
15,0,0,0,6,2.87,3
15,0,0,0,6,2.87,3
15,0,0,0,6,2.87,3
15,0,0,0,6,2.87,3
15,0,0,0,6,2.87,3
15,0,0,0,6,2.87,3
15,0,0,0,6,2.87,3
15,0,0,0,6,2.87,3
15,0,0,0,6,2.87,3
15,0,0,0,6,2.87,3
15,0,0,0,6,2.87,3
15,0,0,0,6,2.87,3
15,0,0,0,6,2.87,3
15,0,0,0,6,2.87,3
15,0,0,0,6,2.87,3
15,0,0,0,6,2.87,3
15,0,0,0,6,2.87,3
15,0,0,0,6,2.87,3
15,0,0,0,6,2.87,3
15,0,0,0,6,2.87,3
15,0,0,0,6,2.87,3
15,0,0,0,6,2.87,3
15,0,0,0,6,2.87,3
15,0,0,0,6,2.87,3
15,0,0,0,6,2.87,3
15,0,0,0,6,2.87,3
15,0,0,0,6,2.87,3
15,0,0,0,6,2.87,3
15,0,0,0,6,2.87,3
15,0,0,0,6,2.87,3
15,0,0,0,6,2.87,3
15,0,0,0,6,2.87,3
15,0,0,0,5,1.87,3
15,0,0,0,5,1.87,3
15,0,0,0,5,1.87,3
15,0,0,0,5,1.87,3
15,0,0,0,5,1.87,3
15,0,0,0,5,1.87,3
15,0,0,0,5,1.87,3
15,0,0,0,5,1.87,3
15,0,0,0,5,1.87,3
15,0,0,0,5,1.87,3
16,0,0,0,5,1.14,4
16,0,0,0,5,1.14,4
16,0,0,0,5,1.14,4
16,0,0,0,5,1.14,4
16,0,0,0,5,1.14,4
16,0,0,0,5,1.14,4
16,0,0,0,5,1.14,4
16,0,0,0,5,1.14,4
16,0,0,0,5,0.0,5
16,0,0,0,5,0.0,5
16,0,0,0,5,0.0,5
16,0,0,0,5,0.0,5
16,0,0,0,5,0.0,5
16,0,0,0,5,0.0,5
16,0,0,0,5,0.0,5
16,0,0,0,5,0.0,5
16,0,0,0,5,0.0,5
16,0,0,0,5,0.0,5
16,0,0,0,5,0.0,5
16,0,0,0,5,0.0,5
16,0,0,0,5,0.0,5
16,0,0,0,5,0.0,5
16,0,0,0,5,0.0,5
16,0,0,0,5,0.0,5
16,0,0,0,5,0.0,5
16,0,0,0,5,0.0,5
16,0,0,0,5,0.0,5
16,0,0,0,5,0.0,5
16,0,0,0,5,0.0,5
16,0,0,0,5,0.0,5
16,0,0,0,5,0.0,5
16,0,0,0,5,0.0,5
16,0,0,0,5,0.0,5
16,0,0,0,5,0.0,5
16,0,0,0,5,0.0,5
16,0,0,0,5,0.0,5
16,0,0,0,5,0.0,5
16,0,0,0,5,0.0,5
16,0,0,0,5,0.0,5
16,0,0,0,5,0.0,5
16,0,0,0,5,0.0,5
16,0,0,0,5,0.0,5
16,0,0,0,5,0.0,5
16,0,0,0,5,0.0,5
16,0,0,0,5,0.0,5
16,0,0,0,5,0.0,5
16,0,0,0,5,0.0,5
16,0,0,0,5,0.0,5
16,0,0,0,5,0.0,5
16,0,0,0,5,0.0,5
16,0,0,0,5,0.0,5
16,0,0,0,5,0.0,5
16,0,0,0,5,0.0,5
16,0,0,0,5,0.0,5
16,0,0,0,5,0.0,5
16,0,0,0,5,0.0,5
16,0,0,0,5,0.0,5
16,0,0,0,5,0.0,5
16,0,0,0,5,0.0,5
16,0,0,0,5,0.0,5
17,0,0,0,5,0.93,6
17,0,0,0,5,0.93,6
17,0,0,0,5,0.93,6
17,0,0,0,5,0.93,6
17,0,0,0,5,0.93,6
17,0,0,0,5,0.93,6
17,0,0,0,5,0.93,6
17,0,0,0,5,0.93,6
17,0,0,0,5,0.93,6
17,0,0,0,5,0.93,6
17,0,0,0,5,0.93,6
17,0,0,0,5,0.93,6
17,0,0,0,5,0.93,6
17,0,0,0,5,0.93,6
17,0,0,0,5,0.93,6
17,0,0,0,5,0.93,6
17,0,0,0,5,0.93,6
17,0,0,0,5,0.93,6
17,0,0,0,5,0.93,6
17,0,0,0,5,0.93,6
17,0,0,0,5,0.93,6
17,0,0,0,5,0.93,6
17,0,0,0,5,0.93,6
17,0,0,0,5,0.93,6
17,0,0,0,5,0.93,6
17,0,0,0,5,0.93,6
17,0,0,0,5,0.93,6
17,0,0,0,5,0.93,6
17,0,0,0,5,0.93,6
17,0,0,0,5,0.93,6
17,0,0,0,5,0.93,6
17,0,0,0,5,0.93,6
17,0,0,0,5,0.93,6
17,0,0,0,5,0.93,6
17,0,0,0,5,0.93,6
17,0,0,0,5,0.93,6
17,0,0,0,5,0.93,6
17,0,0,0,5,0.93,6
17,0,0,0,5,0.93,6
17,0,0,0,5,0.93,6
17,0,0,0,5,0.93,6
17,0,0,0,5,0.93,6
17,0,0,0,5,0.93,6
17,0,0,0,5,0.93,6
17,0,0,0,5,0.93,6
17,0,0,0,5,0.93,6
17,0,0,0,5,0.93,6
17,0,0,0,5,0.93,6
17,0,0,0,5,0.93,6
17,0,0,0,5,0.93,6
17,0,0,0,5,0.93,6
17,0,0,0,5,0.93,6
17,0,0,0,5,0.93,6
17,0,0,0,5,0.93,6
17,0,0,0,5,0.93,6
17,0,0,0,5,0.93,6
17,0,0,0,5,0.93,6
17,0,0,0,5,0.93,6
17,0,0,0,5,0.93,6
17,0,0,0,5,0.93,6
18,0,0,0,5,1.0,6
18,0,0,0,5,1.0,6
18,0,0,0,5,1.0,6
18,0,0,0,5,1.0,6
18,0,0,0,5,1.0,6
18,0,0,0,5,1.0,6
18,0,0,0,5,1.0,6
18,0,0,0,5,1.0,6
18,0,0,0,5,1.0,6
18,0,0,0,5,1.0,6
18,0,0,0,5,1.0,6
18,0,0,0,5,1.0,6
18,0,0,0,5,1.0,6
18,0,0,0,5,1.0,6
18,0,0,0,5,1.0,6
18,0,0,0,5,1.0,6
18,0,0,0,5,1.0,6
18,0,0,0,5,1.0,6
18,0,0,0,5,1.0,6
18,0,0,0,5,1.0,6
18,0,0,0,5,1.0,6
18,0,0,0,5,1.0,6
18,0,0,0,5,1.0,6
18,0,0,0,5,1.0,6
18,0,0,0,5,1.0,6
18,0,0,0,5,1.0,6
18,0,0,0,5,1.0,6
18,0,0,0,5,1.0,6
18,0,0,0,5,1.0,6
18,0,0,0,5,1.0,6
18,0,0,0,5,1.0,6
18,0,0,0,5,1.0,6
18,0,0,0,5,1.0,6
18,0,0,0,5,1.0,6
18,0,0,0,5,1.0,6
18,0,0,0,5,1.0,6
18,0,0,0,5,1.0,6
18,0,0,0,5,1.0,6
18,0,0,0,5,1.0,6
18,0,0,0,5,1.0,6
18,0,0,0,5,1.0,6
18,0,0,0,5,1.0,6
18,0,0,0,5,1.0,6
18,0,0,0,5,1.0,6
18,0,0,0,5,1.0,6
18,0,0,0,5,1.0,6
18,0,0,0,5,1.0,6
18,0,0,0,5,1.0,6
18,0,0,0,5,1.0,6
18,0,0,0,5,1.0,6
18,0,0,0,5,1.0,6
18,0,0,0,5,1.0,6
18,0,0,0,5,1.0,6
18,0,0,0,5,1.0,6
18,0,0,0,5,1.0,6
18,0,0,0,5,1.0,6
18,0,0,0,5,1.0,6
18,0,0,0,5,1.0,6
18,0,0,0,5,1.0,6
18,0,0,0,5,1.0,6
19,0,0,0,5,1.66,7
19,0,0,0,5,1.66,7
19,0,0,0,5,1.66,7
19,0,0,0,5,1.66,7
19,0,0,0,5,1.66,7
19,0,0,0,5,1.66,7
19,0,0,0,5,1.66,7
19,0,0,0,5,1.66,7
19,0,0,0,5,1.66,7
19,0,0,0,5,1.66,7
19,0,0,0,5,1.66,7
19,0,0,0,5,1.66,7
19,0,0,0,5,1.66,7
19,0,0,0,5,1.66,7
19,0,0,0,5,1.66,7
19,0,0,0,5,1.66,7
19,0,0,0,5,1.66,7
19,0,0,0,5,1.66,7
19,0,0,0,5,1.66,7
19,0,0,0,5,1.66,7
19,0,0,0,5,1.66,7
19,0,0,0,5,1.66,7
19,0,0,0,5,1.66,7
19,0,0,0,5,1.66,7
19,0,0,0,5,1.66,7
19,0,0,0,5,1.66,7
19,0,0,0,5,1.66,7
19,0,0,0,5,1.66,7
19,0,0,0,5,1.66,7
19,0,0,0,5,1.66,7
19,0,0,0,5,1.66,7
19,0,0,0,5,1.66,7
19,0,0,0,5,1.66,7
19,0,0,0,5,1.66,7
19,0,0,0,5,1.66,7
19,0,0,0,5,1.66,7
19,0,0,0,5,1.66,7
19,0,0,0,5,1.66,7
19,0,0,0,5,1.66,7
19,0,0,0,5,1.66,7
19,0,0,0,5,1.66,7
19,0,0,0,5,1.66,7
19,0,0,0,5,1.66,7
19,0,0,0,5,1.66,7
19,0,0,0,5,1.66,7
19,0,0,0,5,1.66,7
19,0,0,0,5,1.66,7
19,0,0,0,5,1.66,7
19,0,0,0,5,1.66,7
19,0,0,0,5,1.66,7
19,0,0,0,5,1.66,7
19,0,0,0,5,1.66,7
19,0,0,0,5,1.66,7
19,0,0,0,5,1.66,7
19,0,0,0,5,1.66,7
19,0,0,0,5,1.66,7
19,0,0,0,5,1.66,7
19,0,0,0,5,1.66,7
19,0,0,0,5,1.66,7
19,0,0,0,5,1.66,7
20,0,0,0,5,1.0,6
20,0,0,0,5,1.0,6
20,0,0,0,5,1.0,6
20,0,0,0,5,1.0,6
20,0,0,0,5,1.0,6
20,0,0,0,5,1.0,6
20,0,0,0,5,1.0,6
20,0,0,0,5,1.0,6
20,0,0,0,5,1.0,6
20,0,0,0,5,1.0,6
20,0,0,0,5,1.0,6
20,0,0,0,5,1.0,6
20,0,0,0,5,1.0,6
20,0,0,0,5,1.0,6
20,0,0,0,5,1.0,6
20,0,0,0,5,1.0,6
20,0,0,0,5,1.0,6
20,0,0,0,5,1.0,6
20,0,0,0,5,1.0,6
20,0,0,0,5,1.0,6
20,0,0,0,5,1.0,6
20,0,0,0,5,1.0,6
20,0,0,0,5,1.0,6
20,0,0,0,5,1.0,6
20,0,0,0,5,1.0,6
20,0,0,0,5,1.0,6
20,0,0,0,5,1.0,6
20,0,0,0,5,1.0,6
20,0,0,0,5,1.0,6
20,0,0,0,5,1.0,6
20,0,0,0,5,1.0,6
20,0,0,0,5,1.0,6
20,0,0,0,5,1.0,6
20,0,0,0,5,1.0,6
20,0,0,0,5,1.0,6
20,0,0,0,5,1.0,6
20,0,0,0,5,1.0,6
20,0,0,0,5,1.0,6
20,0,0,0,5,1.0,6
20,0,0,0,5,1.0,6
20,0,0,0,5,1.0,6
20,0,0,0,5,1.0,6
20,0,0,0,5,1.0,6
20,0,0,0,5,1.0,6
20,0,0,0,5,1.0,6
20,0,0,0,5,1.0,6
20,0,0,0,5,1.0,6
20,0,0,0,5,1.0,6
20,0,0,0,5,1.0,6
20,0,0,0,5,1.0,6
20,0,0,0,5,1.0,6
20,0,0,0,5,1.0,6
20,0,0,0,5,1.0,6
20,0,0,0,5,1.0,6
20,0,0,0,5,1.0,6
20,0,0,0,5,1.0,6
20,0,0,0,5,1.0,6
20,0,0,0,5,1.0,6
20,0,0,0,5,1.0,6
20,0,0,0,5,1.0,6
21,0,0,0,5,1.0,6
21,0,0,0,5,1.0,6
21,0,0,0,5,1.0,6
21,0,0,0,5,1.0,6
21,0,0,0,5,1.0,6
21,0,0,0,5,1.0,6
21,0,0,0,5,1.0,6
21,0,0,0,5,1.0,6
21,0,0,0,5,1.0,6
21,0,0,0,5,1.0,6
21,0,0,0,5,1.0,6
21,0,0,0,5,1.0,6
21,0,0,0,5,1.0,6
21,0,0,0,5,1.0,6
21,0,0,0,5,1.0,6
21,0,0,0,5,1.0,6
21,0,0,0,5,1.0,6
21,0,0,0,5,1.0,6
21,0,0,0,5,1.0,6
21,0,0,0,5,1.0,6
21,0,0,0,5,1.0,6
21,0,0,0,5,1.0,6
21,0,0,0,5,1.0,6
21,0,0,0,5,1.0,6
21,0,0,0,5,1.0,6
21,0,0,0,5,1.0,6
21,0,0,0,5,1.0,6
21,0,0,0,5,1.0,6
21,0,0,0,5,1.0,6
21,0,0,0,5,1.0,6
21,0,0,0,5,1.0,6
21,0,0,0,5,1.0,6
21,0,0,0,5,1.0,6
21,0,0,0,5,1.0,6
21,0,0,0,5,1.0,6
21,0,0,0,5,1.0,6
21,0,0,0,5,1.0,6
21,0,0,0,5,1.0,6
21,0,0,0,5,1.0,6
21,0,0,0,5,1.0,6
21,0,0,0,5,1.0,6
21,0,0,0,5,1.0,6
21,0,0,0,5,1.0,6
21,0,0,0,5,1.0,6
21,0,0,0,5,1.0,6
21,0,0,0,5,1.0,6
21,0,0,0,5,1.0,6
21,0,0,0,5,1.0,6
21,0,0,0,5,1.0,6
21,0,0,0,5,1.0,6
21,0,0,0,5,1.0,6
21,0,0,0,5,1.0,6
21,0,0,0,5,1.0,6
21,0,0,0,5,1.0,6
21,0,0,0,5,1.0,6
21,0,0,0,5,1.0,6
21,0,0,0,5,1.0,6
21,0,0,0,5,1.0,6
21,0,0,0,5,1.0,6
21,0,0,0,5,1.0,6
22,0,0,0,5,1.0,6
22,0,0,0,5,1.0,6
22,0,0,0,5,1.0,6
22,0,0,0,5,1.0,6
22,0,0,0,5,1.0,6
22,0,0,0,5,1.0,6
22,0,0,0,5,1.0,6
22,0,0,0,5,1.0,6
22,0,0,0,5,1.0,6
22,0,0,0,5,1.0,6
22,0,0,0,5,1.0,6
22,0,0,0,5,1.0,6
22,0,0,0,5,1.0,6
22,0,0,0,5,1.0,6
22,0,0,0,5,1.0,6
22,0,0,0,5,1.0,6
22,0,0,0,5,1.0,6
22,0,0,0,5,1.0,6
22,0,0,0,5,1.0,6
22,0,0,0,5,1.0,6
22,0,0,0,5,1.0,6
22,0,0,0,5,1.0,6
22,0,0,0,5,1.0,6
22,0,0,0,5,1.0,6
22,0,0,0,5,1.0,6
22,0,0,0,5,1.0,6
22,0,0,0,5,1.0,6
22,0,0,0,5,1.0,6
22,0,0,0,5,1.0,6
22,0,0,0,5,1.0,6
22,0,0,0,5,1.0,6
22,0,0,0,5,1.0,6
22,0,0,0,5,1.0,6
22,0,0,0,5,1.0,6
22,0,0,0,5,1.0,6
22,0,0,0,5,1.0,6
22,0,0,0,5,1.0,6
22,0,0,0,5,1.0,6
22,0,0,0,5,1.0,6
22,0,0,0,5,1.0,6
22,0,0,0,5,1.0,6
22,0,0,0,5,1.0,6
22,0,0,0,5,1.0,6
22,0,0,0,5,1.0,6
22,0,0,0,5,1.0,6
22,0,0,0,5,1.0,6
22,0,0,0,5,1.0,6
22,0,0,0,5,1.0,6
22,0,0,0,5,1.0,6
22,0,0,0,5,1.0,6
22,0,0,0,5,1.0,6
22,0,0,0,5,1.0,6
22,0,0,0,5,1.0,6
22,0,0,0,5,1.0,6
22,0,0,0,5,1.0,6
22,0,0,0,5,1.0,6
22,0,0,0,5,1.0,6
22,0,0,0,5,1.0,6
22,0,0,0,5,1.0,6
22,0,0,0,5,1.0,6
23,0,0,0,5,1.0,6
23,0,0,0,5,1.0,6
23,0,0,0,5,1.0,6
23,0,0,0,5,1.0,6
23,0,0,0,5,1.0,6
23,0,0,0,5,1.0,6
23,0,0,0,5,1.0,6
23,0,0,0,5,1.0,6
23,0,0,0,5,1.0,6
23,0,0,0,5,1.0,6
23,0,0,0,5,1.0,6
23,0,0,0,5,1.0,6
23,0,0,0,5,1.0,6
23,0,0,0,5,1.0,6
23,0,0,0,5,1.0,6
23,0,0,0,5,1.0,6
23,0,0,0,5,1.0,6
23,0,0,0,5,1.0,6
23,0,0,0,5,1.0,6
23,0,0,0,5,1.0,6
23,0,0,0,5,1.0,6
23,0,0,0,5,1.0,6
23,0,0,0,5,1.0,6
23,0,0,0,5,1.0,6
23,0,0,0,5,1.0,6
23,0,0,0,5,1.0,6
23,0,0,0,5,1.0,6
23,0,0,0,5,1.0,6
23,0,0,0,5,1.0,6
23,0,0,0,5,1.0,6
23,0,0,0,5,1.0,6
23,0,0,0,5,1.0,6
23,0,0,0,5,1.0,6
23,0,0,0,5,1.0,6
23,0,0,0,5,1.0,6
23,0,0,0,5,1.0,6
23,0,0,0,5,1.0,6
23,0,0,0,5,1.0,6
23,0,0,0,5,1.0,6
23,0,0,0,5,1.0,6
23,0,0,0,5,1.0,6
23,0,0,0,5,1.0,6
23,0,0,0,5,1.0,6
23,0,0,0,5,1.0,6
23,0,0,0,5,1.0,6
23,0,0,0,5,1.0,6
23,0,0,0,5,1.0,6
23,0,0,0,5,1.0,6
23,0,0,0,5,1.0,6
23,0,0,0,5,1.0,6
23,0,0,0,5,1.0,6
23,0,0,0,5,1.0,6
23,0,0,0,5,1.0,6
23,0,0,0,5,1.0,6
23,0,0,0,5,1.0,6
23,0,0,0,5,1.0,6
23,0,0,0,5,1.0,6
23,0,0,0,5,1.0,6
23,0,0,0,5,1.0,6
23,0,0,0,5,1.0,6
0,1,0,0,5,2.0,3
0,1,0,0,5,2.0,3
0,1,0,0,5,2.0,3
0,1,0,0,5,2.0,3
0,1,0,0,5,2.0,3
0,1,0,0,5,2.0,3
0,1,0,0,5,2.0,3
0,1,0,0,5,2.0,3
0,1,0,0,5,2.0,3
0,1,0,0,5,2.0,3
0,1,0,0,5,2.0,3
0,1,0,0,5,2.0,3
0,1,0,0,5,2.0,3
0,1,0,0,5,2.0,3
0,1,0,0,5,2.0,3
0,1,0,0,5,2.0,3
0,1,0,0,5,2.0,3
0,1,0,0,5,2.0,3
0,1,0,0,5,2.0,3
0,1,0,0,5,2.0,3
0,1,0,0,5,2.0,3
0,1,0,0,5,2.0,3
0,1,0,0,5,2.0,3
0,1,0,0,5,2.0,3
0,1,0,0,5,2.0,3
0,1,0,0,5,2.0,3
0,1,0,0,5,2.0,3
0,1,0,0,5,2.0,3
0,1,0,0,5,2.0,3
0,1,0,0,5,2.0,3
0,1,0,0,5,2.0,3
0,1,0,0,5,2.0,3
0,1,0,0,5,2.0,3
0,1,0,0,5,2.0,3
0,1,0,0,5,2.0,3
0,1,0,0,5,2.0,3
0,1,0,0,5,2.0,3
0,1,0,0,5,2.0,3
0,1,0,0,5,2.0,3
0,1,0,0,5,2.0,3
0,1,0,0,5,2.0,3
0,1,0,0,5,2.0,3
0,1,0,0,5,2.0,3
0,1,0,0,5,2.0,3
0,1,0,0,5,2.0,3
0,1,0,0,5,2.0,3
0,1,0,0,5,2.0,3
0,1,0,0,5,2.0,3
0,1,0,0,5,2.0,3
0,1,0,0,5,2.0,3
0,1,0,0,5,2.0,3
0,1,0,0,5,2.0,3
0,1,0,0,5,2.0,3
0,1,0,0,5,2.0,3
0,1,0,0,5,2.0,3
0,1,0,0,5,2.0,3
0,1,0,0,5,2.0,3
0,1,0,0,5,2.0,3
0,1,0,0,5,2.0,3
0,1,0,0,5,2.0,3
1,1,0,0,5,2.47,3
1,1,0,0,5,2.47,3
1,1,0,0,5,2.47,3
1,1,0,0,5,2.47,3
1,1,0,0,5,2.47,3
1,1,0,0,5,2.47,3
1,1,0,0,5,2.47,3
1,1,0,0,5,2.47,3
1,1,0,0,5,2.47,3
1,1,0,0,5,2.47,3
1,1,0,0,5,2.47,3
1,1,0,0,5,2.47,3
1,1,0,0,5,2.47,3
1,1,0,0,5,2.47,3
1,1,0,0,5,2.47,3
1,1,0,0,5,2.47,3
1,1,0,0,5,2.47,3
1,1,0,0,5,2.47,3
1,1,0,0,5,2.47,3
1,1,0,0,5,2.47,3
1,1,0,0,5,2.47,3
1,1,0,0,5,2.47,3
1,1,0,0,5,2.47,3
1,1,0,0,5,2.47,3
1,1,0,0,5,2.47,3
1,1,0,0,5,2.47,3
1,1,0,0,5,2.47,3
1,1,0,0,5,2.47,3
1,1,0,0,5,2.47,3
1,1,0,0,5,2.47,3
1,1,0,0,5,2.47,3
1,1,0,0,5,2.47,3
1,1,0,0,5,2.47,3
1,1,0,0,5,2.47,3
1,1,0,0,5,2.47,3
1,1,0,0,5,2.47,3
1,1,0,0,5,2.47,3
1,1,0,0,5,2.47,3
1,1,0,0,5,2.47,3
1,1,0,0,5,2.47,3
1,1,0,0,5,2.47,3
1,1,0,0,5,2.47,3
1,1,0,0,5,2.47,3
1,1,0,0,5,2.47,3
1,1,0,0,5,2.47,3
1,1,0,0,5,2.47,3
1,1,0,0,5,2.47,3
1,1,0,0,5,2.47,3
1,1,0,0,5,2.47,3
1,1,0,0,5,2.47,3
1,1,0,0,5,2.47,3
1,1,0,0,5,2.47,3
1,1,0,0,5,2.47,3
1,1,0,0,5,2.47,3
1,1,0,0,5,2.47,3
1,1,0,0,5,2.47,3
1,1,0,0,5,2.47,3
1,1,0,0,5,2.47,3
1,1,0,0,5,2.47,3
1,1,0,0,5,2.47,3
2,1,0,0,5,3.0,2
2,1,0,0,5,3.0,2
2,1,0,0,5,3.0,2
2,1,0,0,5,3.0,2
2,1,0,0,5,3.0,2
2,1,0,0,5,3.0,2
2,1,0,0,5,3.0,2
2,1,0,0,5,3.0,2
2,1,0,0,5,3.0,2
2,1,0,0,5,3.0,2
2,1,0,0,5,3.0,2
2,1,0,0,5,3.0,2
2,1,0,0,5,3.0,2
2,1,0,0,5,3.0,2
2,1,0,0,5,3.0,2
2,1,0,0,5,3.0,2
2,1,0,0,5,3.0,2
2,1,0,0,5,3.0,2
2,1,0,0,5,3.0,2
2,1,0,0,5,3.0,2
2,1,0,0,5,3.0,2
2,1,0,0,5,3.0,2
2,1,0,0,5,3.0,2
2,1,0,0,5,3.0,2
2,1,0,0,5,3.0,2
2,1,0,0,5,3.0,2
2,1,0,0,5,3.0,2
2,1,0,0,5,3.0,2
2,1,0,0,5,3.0,2
2,1,0,0,5,3.0,2
2,1,0,0,5,3.0,2
2,1,0,0,5,3.0,2
2,1,0,0,5,3.0,2
2,1,0,0,5,3.0,2
2,1,0,0,5,3.0,2
2,1,0,0,5,3.0,2
2,1,0,0,5,3.0,2
2,1,0,0,5,3.0,2
2,1,0,0,5,3.0,2
2,1,0,0,5,3.0,2
2,1,0,0,5,3.0,2
2,1,0,0,5,3.0,2
2,1,0,0,5,3.0,2
2,1,0,0,5,3.0,2
2,1,0,0,5,3.0,2
2,1,0,0,5,3.0,2
2,1,0,0,5,3.0,2
2,1,0,0,5,3.0,2
2,1,0,0,5,3.0,2
2,1,0,0,5,3.0,2
2,1,0,0,5,3.0,2
2,1,0,0,5,3.0,2
2,1,0,0,5,3.0,2
2,1,0,0,5,3.0,2
2,1,0,0,5,3.0,2
2,1,0,0,5,3.0,2
2,1,0,0,5,3.0,2
2,1,0,0,5,3.0,2
2,1,0,0,5,3.0,2
2,1,0,0,5,3.0,2
3,1,0,0,5,3.0,2
3,1,0,0,5,3.0,2
3,1,0,0,5,3.0,2
3,1,0,0,5,3.0,2
3,1,0,0,5,3.0,2
3,1,0,0,5,3.0,2
3,1,0,0,5,3.0,2
3,1,0,0,5,3.0,2
3,1,0,0,5,3.0,2
3,1,0,0,5,3.0,2
3,1,0,0,5,3.0,2
3,1,0,0,5,3.0,2
3,1,0,0,5,3.0,2
3,1,0,0,5,3.0,2
3,1,0,0,5,3.0,2
3,1,0,0,5,3.0,2
3,1,0,0,5,3.0,2
3,1,0,0,5,3.0,2
3,1,0,0,5,3.0,2
3,1,0,0,5,3.0,2
3,1,0,0,5,3.0,2
3,1,0,0,5,3.0,2
3,1,0,0,5,3.0,2
3,1,0,0,5,3.0,2
3,1,0,0,5,3.0,2
3,1,0,0,5,3.0,2
3,1,0,0,5,3.0,2
3,1,0,0,5,3.0,2
3,1,0,0,5,3.0,2
3,1,0,0,5,3.0,2
3,1,0,0,5,3.0,2
3,1,0,0,5,3.0,2
3,1,0,0,5,3.0,2
3,1,0,0,5,3.0,2
3,1,0,0,5,3.0,2
3,1,0,0,5,3.0,2
3,1,0,0,5,3.0,2
3,1,0,0,5,3.0,2
3,1,0,0,5,3.0,2
3,1,0,0,5,3.0,2
3,1,0,0,5,3.0,2
3,1,0,0,5,3.0,2
3,1,0,0,5,3.0,2
3,1,0,0,5,3.0,2
3,1,0,0,5,3.0,2
3,1,0,0,5,3.0,2
3,1,0,0,5,3.0,2
3,1,0,0,5,3.0,2
3,1,0,0,5,3.0,2
3,1,0,0,5,3.0,2
3,1,0,0,5,3.0,2
3,1,0,0,5,3.0,2
3,1,0,0,5,3.0,2
3,1,0,0,5,3.0,2
3,1,0,0,5,3.0,2
3,1,0,0,5,3.0,2
3,1,0,0,5,3.0,2
3,1,0,0,5,3.0,2
3,1,0,0,5,3.0,2
3,1,0,0,5,3.0,2
4,1,0,0,5,3.0,2
4,1,0,0,5,3.0,2
4,1,0,0,5,3.0,2
4,1,0,0,5,3.0,2
4,1,0,0,5,3.0,2
4,1,0,0,5,3.0,2
4,1,0,0,5,3.0,2
4,1,0,0,5,3.0,2
4,1,0,0,5,3.0,2
4,1,0,0,5,3.0,2
4,1,0,0,5,3.0,2
4,1,0,0,5,3.0,2
4,1,0,0,5,3.0,2
4,1,0,0,5,3.0,2
4,1,0,0,5,3.0,2
4,1,0,0,5,3.0,2
4,1,0,0,5,3.0,2
4,1,0,0,5,3.0,2
4,1,0,0,5,3.0,2
4,1,0,0,5,3.0,2
4,1,0,0,5,3.0,2
4,1,0,0,5,3.0,2
4,1,0,0,5,3.0,2
4,1,0,0,5,3.0,2
4,1,0,0,5,3.0,2
4,1,0,0,5,3.0,2
4,1,0,0,5,3.0,2
4,1,0,0,5,3.0,2
4,1,0,0,5,3.0,2
4,1,0,0,5,3.0,2
4,1,0,0,5,3.0,2
4,1,0,0,5,3.0,2
4,1,0,0,5,3.0,2
4,1,0,0,5,3.0,2
4,1,0,0,5,3.0,2
4,1,0,0,5,3.0,2
4,1,0,0,5,3.0,2
4,1,0,0,5,3.0,2
4,1,0,0,5,3.0,2
4,1,0,0,5,3.0,2
4,1,0,0,5,3.0,2
4,1,0,0,5,3.0,2
4,1,0,0,5,3.0,2
4,1,0,0,5,3.0,2
4,1,0,0,5,3.0,2
4,1,0,0,5,3.0,2
4,1,0,0,5,3.0,2
4,1,0,0,5,3.0,2
4,1,0,0,5,3.0,2
4,1,0,0,5,3.0,2
4,1,0,0,5,3.0,2
4,1,0,0,5,3.0,2
4,1,0,0,5,3.0,2
4,1,0,0,5,3.0,2
4,1,0,0,5,3.0,2
4,1,0,0,5,3.0,2
4,1,0,0,5,3.0,2
4,1,0,0,5,3.0,2
4,1,0,0,5,3.0,2
4,1,0,0,5,3.0,2
5,1,0,0,5,2.63,2
5,1,0,0,5,2.63,2
5,1,0,0,5,2.63,2
5,1,0,0,5,2.63,2
5,1,0,0,5,2.63,2
5,1,0,0,5,2.63,2
5,1,0,0,5,2.63,2
5,1,0,0,5,2.63,2
5,1,0,0,5,2.63,2
5,1,0,0,5,2.63,2
5,1,0,0,5,2.63,2
5,1,0,0,5,2.63,2
5,1,0,0,5,2.63,2
5,1,0,0,5,2.63,2
5,1,0,0,5,2.63,2
5,1,0,0,5,2.63,2
5,1,0,0,5,2.63,2
5,1,0,0,5,2.63,2
5,1,0,0,5,2.63,2
5,1,0,0,5,2.63,2
5,1,0,0,5,2.63,2
5,1,0,0,5,2.63,2
5,1,0,0,5,2.63,2
5,1,0,0,5,2.63,2
5,1,0,0,5,2.63,2
5,1,0,0,5,2.63,2
5,1,0,0,5,2.63,2
5,1,0,0,5,2.63,2
5,1,0,0,5,2.63,2
5,1,0,0,5,2.63,2
5,1,0,0,5,2.63,2
5,1,0,0,5,2.63,2
5,1,0,0,5,2.63,2
5,1,0,0,6,3.63,2
5,1,0,0,6,3.63,2
5,1,0,0,6,3.63,2
5,1,0,0,6,3.63,2
5,1,0,0,6,3.63,2
5,1,0,0,6,3.63,2
5,1,0,0,6,3.63,2
5,1,0,0,6,3.63,2
5,1,0,0,6,3.63,2
5,1,0,0,6,3.63,2
5,1,0,0,6,3.63,2
5,1,0,0,6,3.63,2
5,1,0,0,6,3.63,2
5,1,0,0,6,3.63,2
5,1,0,0,6,3.63,2
5,1,0,0,6,3.63,2
5,1,0,0,6,3.63,2
5,1,0,0,6,3.63,2
5,1,0,0,6,3.63,2
5,1,0,0,6,3.63,2
5,1,0,0,6,3.63,2
5,1,0,0,6,3.63,2
5,1,0,0,6,3.63,2
5,1,0,0,6,3.63,2
5,1,0,0,6,3.63,2
5,1,0,0,6,3.63,2
5,1,0,0,6,3.63,2
6,1,0,0,6,3.0,3
6,1,0,0,6,3.0,3
6,1,0,0,6,3.0,3
6,1,0,0,6,3.0,3
6,1,0,0,6,3.0,3
6,1,0,0,6,3.0,3
6,1,0,0,6,3.0,3
6,1,0,0,6,3.0,3
6,1,0,0,6,3.0,3
6,1,0,0,6,3.0,3
6,1,0,0,6,3.0,3
6,1,0,0,6,3.0,3
6,1,0,0,6,3.0,3
6,1,0,0,6,3.0,3
6,1,0,0,6,3.0,3
6,1,0,0,6,3.0,3
6,1,0,0,6,3.0,3
6,1,0,0,6,3.0,3
6,1,0,0,6,3.0,3
6,1,0,0,6,3.0,3
6,1,0,0,6,3.0,3
6,1,0,0,6,3.0,3
6,1,0,0,6,3.0,3
6,1,0,0,6,3.0,3
6,1,0,0,6,3.0,3
6,1,0,0,6,3.0,3
6,1,0,0,6,3.0,3
6,1,0,0,6,3.0,3
6,1,0,0,6,3.0,3
6,1,0,0,6,3.0,3
6,1,0,0,6,3.0,3
6,1,0,0,6,3.0,3
6,1,0,0,6,3.0,3
6,1,0,0,6,3.0,3
6,1,0,0,6,3.0,3
6,1,0,0,6,3.0,3
6,1,0,0,6,3.0,3
6,1,0,0,6,3.0,3
6,1,0,0,6,3.0,3
6,1,0,0,6,3.0,3
6,1,0,0,6,3.0,3
6,1,0,0,6,3.0,3
6,1,0,0,6,3.0,3
6,1,0,0,6,3.0,3
6,1,0,0,6,3.0,3
6,1,0,0,6,3.0,3
6,1,0,0,6,3.0,3
6,1,0,0,6,3.0,3
6,1,0,0,6,3.0,3
6,1,0,0,6,3.0,3
6,1,0,0,6,3.0,3
6,1,0,0,6,3.0,3
6,1,0,0,6,3.0,3
6,1,0,0,6,3.0,3
6,1,0,0,6,3.0,3
6,1,0,0,6,3.0,3
6,1,0,0,6,3.0,3
6,1,0,0,6,3.0,3
6,1,0,0,6,3.0,3
6,1,0,0,6,3.0,3
7,1,0,0,6,3.0,3
7,1,0,0,6,3.0,3
7,1,0,0,6,3.0,3
7,1,0,0,6,3.0,3
7,1,0,0,6,3.0,3
7,1,0,0,6,3.0,3
7,1,0,0,6,3.0,3
7,1,0,0,6,3.0,3
7,1,0,0,6,3.0,3
7,1,0,0,6,3.0,3
7,1,0,0,6,3.0,3
7,1,0,0,6,3.0,3
7,1,0,0,6,3.0,3
7,1,0,0,6,3.0,3
7,1,0,0,6,3.0,3
7,1,0,0,6,3.0,3
7,1,0,0,6,3.0,3
7,1,0,0,6,3.0,3
7,1,0,0,6,3.0,3
7,1,0,0,6,3.0,3
7,1,0,0,6,3.0,3
7,1,0,0,6,3.0,3
7,1,0,0,6,3.0,3
7,1,0,0,6,3.0,3
7,1,0,0,6,3.0,3
7,1,0,0,6,3.0,3
7,1,0,0,6,3.0,3
7,1,0,0,6,3.0,3
7,1,0,0,6,3.0,3
7,1,0,0,6,3.0,3
7,1,0,0,6,3.0,3
7,1,0,0,6,3.0,3
7,1,0,0,6,3.0,3
7,1,0,0,6,3.0,3
7,1,0,0,6,3.0,3
7,1,0,0,6,3.0,3
7,1,0,0,6,3.0,3
7,1,0,0,6,3.0,3
7,1,0,0,6,3.0,3
7,1,0,0,6,3.0,3
7,1,0,0,6,3.0,3
7,1,0,0,6,3.0,3
7,1,0,0,6,3.0,3
7,1,0,0,6,3.0,3
7,1,0,0,6,3.0,3
7,1,0,0,6,3.0,3
7,1,0,0,6,3.0,3
7,1,0,0,6,3.0,3
7,1,0,0,6,3.0,3
7,1,0,0,6,3.0,3
7,1,0,0,6,3.0,3
7,1,0,0,6,3.0,3
7,1,0,0,6,3.0,3
7,1,0,0,6,3.0,3
7,1,0,0,6,3.0,3
7,1,0,0,6,3.0,3
7,1,0,0,6,3.0,3
7,1,0,0,6,3.0,3
7,1,0,0,6,3.0,3
7,1,0,0,6,3.0,3
8,1,0,0,6,1.16,5
8,1,0,0,6,1.16,5
8,1,0,0,6,1.16,5
8,1,0,0,6,1.16,5
8,1,0,0,6,1.16,5
8,1,0,0,6,1.16,5
8,1,0,0,6,1.16,5
8,1,0,0,6,1.16,5
8,1,0,0,6,1.16,5
8,1,0,0,6,1.16,5
8,1,0,0,6,1.16,5
8,1,0,0,6,1.16,5
8,1,0,0,6,1.16,5
8,1,0,0,6,1.16,5
8,1,0,0,6,1.16,5
8,1,0,0,6,1.16,5
8,1,0,0,6,1.16,5
8,1,0,0,6,1.16,5
8,1,0,0,6,1.16,5
8,1,0,0,6,1.16,5
8,1,0,0,6,1.16,5
8,1,0,0,6,1.16,5
8,1,0,0,6,1.16,5
8,1,0,0,6,1.16,5
8,1,0,0,6,1.16,5
8,1,0,0,6,1.16,5
8,1,0,0,6,1.16,5
8,1,0,0,6,1.16,5
8,1,0,0,6,1.16,5
8,1,0,0,6,1.16,5
8,1,0,0,6,1.16,5
8,1,0,0,6,1.16,5
8,1,0,0,6,1.16,5
8,1,0,0,6,1.16,5
8,1,0,0,6,1.16,5
8,1,0,0,6,1.16,5
8,1,0,0,6,1.16,5
8,1,0,0,6,1.16,5
8,1,0,0,6,1.16,5
8,1,0,0,6,1.16,5
8,1,0,0,6,1.16,5
8,1,0,0,6,1.16,5
8,1,0,0,7,2.16,5
8,1,0,0,7,2.16,5
8,1,0,0,7,2.16,5
8,1,0,0,7,2.16,5
8,1,0,0,7,2.16,5
8,1,0,0,7,2.16,5
8,1,0,0,7,2.16,5
8,1,0,0,7,2.16,5
8,1,0,0,7,2.16,5
8,1,0,0,7,2.16,5
8,1,0,0,7,2.16,5
8,1,0,0,7,2.16,5
8,1,0,0,7,2.16,5
8,1,0,0,7,2.16,5
8,1,0,0,7,2.16,5
8,1,0,0,7,2.16,5
8,1,0,0,7,2.16,5
8,1,0,0,7,2.16,5
9,1,0,0,7,1.69,5
9,1,0,0,7,1.69,5
9,1,0,0,7,1.69,5
9,1,0,0,7,1.69,5
9,1,0,0,7,1.69,5
9,1,0,0,7,1.69,5
9,1,0,0,7,1.69,5
9,1,0,0,7,1.69,5
9,1,0,0,7,1.69,5
9,1,0,0,8,2.69,5
9,1,0,0,8,2.69,5
9,1,0,0,8,2.69,5
9,1,0,0,8,2.69,5
9,1,0,0,8,2.69,5
9,1,0,0,8,2.69,5
9,1,0,0,8,2.69,5
9,1,0,0,8,2.69,5
9,1,0,0,8,2.69,5
9,1,0,0,8,2.69,5
9,1,0,0,8,2.69,5
9,1,0,0,8,2.69,5
9,1,0,0,8,2.69,5
9,1,0,0,8,2.69,5
9,1,0,0,8,2.69,5
9,1,0,0,8,2.69,5
9,1,0,0,8,2.69,5
9,1,0,0,8,2.69,5
9,1,0,0,8,2.69,5
9,1,0,0,8,2.69,5
9,1,0,0,8,2.69,5
9,1,0,0,8,2.69,5
9,1,0,0,8,2.69,5
9,1,0,0,8,2.69,5
9,1,0,0,8,2.69,5
9,1,0,0,8,2.69,5
9,1,0,0,8,2.69,5
9,1,0,0,8,2.69,5
9,1,0,0,8,2.69,5
9,1,0,0,8,2.69,5
9,1,0,0,8,2.69,5
9,1,0,0,8,2.69,5
9,1,0,0,8,2.69,5
9,1,0,0,8,2.69,5
9,1,0,0,8,2.69,5
9,1,0,0,8,2.69,5
9,1,0,0,8,2.69,5
9,1,0,0,8,2.69,5
9,1,0,0,8,2.69,5
9,1,0,0,8,2.69,5
9,1,0,0,8,2.69,5
9,1,0,0,8,2.69,5
9,1,0,0,8,2.69,5
9,1,0,0,8,2.69,5
9,1,0,0,8,2.69,5
9,1,0,0,8,2.69,5
9,1,0,0,8,2.69,5
9,1,0,0,8,2.69,5
9,1,0,0,8,2.69,5
9,1,0,0,8,2.69,5
9,1,0,0,8,2.69,5
10,1,0,0,8,3.0,5
10,1,0,0,8,3.0,5
10,1,0,0,8,3.0,5
10,1,0,0,8,3.0,5
10,1,0,0,8,3.0,5
10,1,0,0,8,3.0,5
10,1,0,0,8,3.0,5
10,1,0,0,8,3.0,5
10,1,0,0,9,4.0,5
10,1,0,0,9,4.0,5
10,1,0,0,9,4.0,5
10,1,0,0,9,4.0,5
10,1,0,0,9,4.0,5
10,1,0,0,9,4.0,5
10,1,0,0,9,4.0,5
10,1,0,0,9,4.0,5
10,1,0,0,9,4.0,5
10,1,0,0,9,4.0,5
10,1,0,0,9,4.0,5
10,1,0,0,9,4.0,5
10,1,0,0,9,4.0,5
10,1,0,0,9,4.0,5
10,1,0,0,9,4.0,5
10,1,0,0,9,4.0,5
10,1,0,0,9,4.0,5
10,1,0,0,9,4.0,5
10,1,0,0,9,4.0,5
10,1,0,0,9,4.0,5
10,1,0,0,9,4.0,5
10,1,0,0,9,4.0,5
10,1,0,0,9,4.0,5
10,1,0,0,9,4.0,5
10,1,0,0,9,4.0,5
10,1,0,0,9,4.0,5
10,1,0,0,9,4.0,5
10,1,0,0,9,4.0,5
10,1,0,0,9,4.0,5
10,1,0,0,9,4.0,5
10,1,0,0,9,4.0,5
10,1,0,0,9,4.0,5
10,1,0,0,9,4.0,5
11,1,0,0,9,4.0,5
11,1,0,0,9,4.0,5
11,1,0,0,9,4.0,5
11,1,0,0,9,4.0,5
11,1,0,0,9,4.0,5
11,1,0,0,9,4.0,5
11,1,0,0,9,4.0,5
11,1,0,0,9,4.0,5
11,1,0,0,9,4.0,5
11,1,0,0,9,4.0,5
11,1,0,0,9,4.0,5
11,1,0,0,9,4.0,5
11,1,0,0,9,4.0,5
11,1,0,0,9,4.0,5
11,1,0,0,9,4.0,5
11,1,0,0,9,4.0,5
11,1,0,0,9,4.0,5
11,1,0,0,9,4.0,5
11,1,0,0,9,4.0,5
11,1,0,0,9,4.0,5
11,1,0,0,9,4.0,5
11,1,0,0,9,4.0,5
11,1,0,0,9,4.0,5
11,1,0,0,9,4.0,5
11,1,0,0,9,4.0,5
11,1,0,0,9,4.0,5
11,1,0,0,9,4.0,5
11,1,0,0,9,4.0,5
11,1,0,0,9,4.0,5
11,1,0,0,9,4.0,5
11,1,0,0,9,4.0,5
11,1,0,0,9,4.0,5
11,1,0,0,9,4.0,5
11,1,0,0,9,4.0,5
11,1,0,0,9,4.0,5
11,1,0,0,9,4.0,5
11,1,0,0,9,4.0,5
11,1,0,0,9,4.0,5
11,1,0,0,9,4.0,5
11,1,0,0,9,4.0,5
11,1,0,0,9,4.0,5
11,1,0,0,9,4.0,5
11,1,0,0,9,4.0,5
11,1,0,0,9,4.0,5
11,1,0,0,9,4.0,5
11,1,0,0,9,4.0,5
11,1,0,0,9,4.0,5
11,1,0,0,9,4.0,5
11,1,0,0,9,4.0,5
11,1,0,0,9,4.0,5
11,1,0,0,9,4.0,5
11,1,0,0,9,4.0,5
11,1,0,0,9,4.0,5
11,1,0,0,9,4.0,5
11,1,0,0,9,4.0,5
12,1,0,0,9,4.0,5
12,1,0,0,9,4.0,5
12,1,0,0,9,4.0,5
12,1,0,0,9,4.0,5
12,1,0,0,9,4.0,5
12,1,0,0,9,4.0,5
12,1,0,0,9,4.0,5
12,1,0,0,9,4.0,5
12,1,0,0,9,4.0,5
12,1,0,0,9,4.0,5
12,1,0,0,9,4.0,5
12,1,0,0,9,4.0,5
12,1,0,0,9,4.0,5
12,1,0,0,9,4.0,5
12,1,0,0,9,4.0,5
12,1,0,0,9,4.0,5
12,1,0,0,9,4.0,5
12,1,0,0,9,4.0,5
12,1,0,0,9,4.0,5
12,1,0,0,9,4.0,5
12,1,0,0,9,4.0,5
12,1,0,0,9,4.0,5
12,1,0,0,9,4.0,5
12,1,0,0,9,4.0,5
12,1,0,0,9,4.0,5
12,1,0,0,9,4.0,5
12,1,0,0,9,4.0,5
12,1,0,0,9,4.0,5
12,1,0,0,9,4.0,5
12,1,0,0,9,4.0,5
12,1,0,0,9,4.0,5
12,1,0,0,9,4.0,5
12,1,0,0,9,4.0,5
12,1,0,0,9,4.0,5
12,1,0,0,9,4.0,5
12,1,0,0,9,4.0,5
12,1,0,0,9,4.0,5
12,1,0,0,9,4.0,5
12,1,0,0,9,4.0,5
12,1,0,0,9,4.0,5
12,1,0,0,9,4.0,5
12,1,0,0,9,4.0,5
12,1,0,0,9,4.0,5
12,1,0,0,9,4.0,5
12,1,0,0,9,4.0,5
12,1,0,0,9,4.0,5
12,1,0,0,9,4.0,5
12,1,0,0,9,4.0,5
12,1,0,0,9,4.0,5
12,1,0,0,9,4.0,5
12,1,0,0,9,4.0,5
12,1,0,0,9,4.0,5
12,1,0,0,9,4.0,5
12,1,0,0,9,4.0,5
12,1,0,0,9,4.0,5
12,1,0,0,9,4.0,5
12,1,0,0,9,4.0,5
12,1,0,0,9,4.0,5
12,1,0,0,9,4.0,5
12,1,0,0,9,4.0,5
13,1,0,0,9,3.28,6
13,1,0,0,9,3.28,6
13,1,0,0,9,3.28,6
13,1,0,0,9,3.28,6
13,1,0,0,9,3.28,6
13,1,0,0,9,3.28,6
13,1,0,0,9,3.28,6
13,1,0,0,9,3.28,6
13,1,0,0,9,3.28,6
13,1,0,0,9,3.28,6
13,1,0,0,9,3.28,6
13,1,0,0,9,3.28,6
13,1,0,0,9,3.28,6
13,1,0,0,9,3.28,6
13,1,0,0,9,3.28,6
13,1,0,0,9,3.28,6
13,1,0,0,9,3.28,6
13,1,0,0,9,3.28,6
13,1,0,0,9,3.28,6
13,1,0,0,9,3.28,6
13,1,0,0,9,3.28,6
13,1,0,0,9,3.28,6
13,1,0,0,9,3.28,6
13,1,0,0,9,3.28,6
13,1,0,0,9,3.28,6
13,1,0,0,9,3.28,6
13,1,0,0,9,3.28,6
13,1,0,0,9,3.28,6
13,1,0,0,9,3.28,6
13,1,0,0,9,3.28,6
13,1,0,0,9,3.28,6
13,1,0,0,9,3.28,6
13,1,0,0,9,3.28,6
13,1,0,0,9,3.28,6
13,1,0,0,9,3.28,6
13,1,0,0,9,3.28,6
13,1,0,0,9,3.28,6
13,1,0,0,9,3.28,6
13,1,0,0,10,4.28,6
13,1,0,0,10,4.28,6
13,1,0,0,10,4.28,6
13,1,0,0,10,4.28,6
13,1,0,0,10,4.28,6
13,1,0,0,10,4.28,6
13,1,0,0,10,4.28,6
13,1,0,0,10,4.28,6
13,1,0,0,10,4.28,6
13,1,0,0,10,4.28,6
13,1,0,0,10,4.28,6
13,1,0,0,10,4.28,6
13,1,0,0,10,4.28,6
13,1,0,0,10,4.28,6
13,1,0,0,10,4.28,6
13,1,0,0,10,4.28,6
13,1,0,0,10,4.28,6
13,1,0,0,10,4.28,6
13,1,0,0,10,4.28,6
13,1,0,0,10,4.28,6
13,1,0,0,10,4.28,6
13,1,0,0,10,4.28,6
14,1,0,0,10,4.0,6
14,1,0,0,10,4.0,6
14,1,0,0,10,4.0,6
14,1,0,0,10,4.0,6
14,1,0,0,10,4.0,6
14,1,0,0,10,4.0,6
14,1,0,0,10,4.0,6
14,1,0,0,10,4.0,6
14,1,0,0,10,4.0,6
14,1,0,0,10,4.0,6
14,1,0,0,10,4.0,6
14,1,0,0,10,4.0,6
14,1,0,0,10,4.0,6
14,1,0,0,10,4.0,6
14,1,0,0,10,4.0,6
14,1,0,0,10,4.0,6
14,1,0,0,10,4.0,6
14,1,0,0,10,4.0,6
14,1,0,0,10,4.0,6
14,1,0,0,10,4.0,6
14,1,0,0,10,4.0,6
14,1,0,0,10,4.0,6
14,1,0,0,10,4.0,6
14,1,0,0,10,4.0,6
14,1,0,0,10,4.0,6
14,1,0,0,10,4.0,6
14,1,0,0,10,4.0,6
14,1,0,0,10,4.0,6
14,1,0,0,10,4.0,6
14,1,0,0,10,4.0,6
14,1,0,0,10,4.0,6
14,1,0,0,10,4.0,6
14,1,0,0,10,4.0,6
14,1,0,0,10,4.0,6
14,1,0,0,10,4.0,6
14,1,0,0,10,4.0,6
14,1,0,0,10,4.0,6
14,1,0,0,10,4.0,6
14,1,0,0,10,4.0,6
14,1,0,0,10,4.0,6
14,1,0,0,10,4.0,6
14,1,0,0,10,4.0,6
14,1,0,0,10,4.0,6
14,1,0,0,10,4.0,6
14,1,0,0,10,4.0,6
14,1,0,0,10,4.0,6
14,1,0,0,10,4.0,6
14,1,0,0,10,4.0,6
14,1,0,0,10,4.0,6
14,1,0,0,10,4.0,6
14,1,0,0,10,4.0,6
14,1,0,0,10,4.0,6
14,1,0,0,10,4.0,6
14,1,0,0,10,4.0,6
14,1,0,0,10,4.0,6
14,1,0,0,10,4.0,6
14,1,0,0,10,4.0,6
14,1,0,0,10,4.0,6
14,1,0,0,10,4.0,6
14,1,0,0,10,4.0,6
15,1,0,0,10,4.16,6
15,1,0,0,10,4.16,6
15,1,0,0,10,4.16,6
15,1,0,0,10,4.16,6
15,1,0,0,10,4.16,6
15,1,0,0,10,4.16,6
15,1,0,0,10,4.16,6
15,1,0,0,10,4.16,6
15,1,0,0,10,4.16,6
15,1,0,0,10,4.16,6
15,1,0,0,10,4.16,6
15,1,0,0,10,4.16,6
15,1,0,0,10,4.16,6
15,1,0,0,10,4.16,6
15,1,0,0,10,4.16,6
15,1,0,0,10,4.16,6
15,1,0,0,10,4.16,6
15,1,0,0,10,4.16,6
15,1,0,0,10,4.16,6
15,1,0,0,10,4.16,6
15,1,0,0,10,4.16,6
15,1,0,0,10,4.16,6
15,1,0,0,10,4.16,6
15,1,0,0,10,4.16,6
15,1,0,0,10,4.16,6
15,1,0,0,10,4.16,6
15,1,0,0,10,4.16,6
15,1,0,0,10,4.16,6
15,1,0,0,10,4.16,6
15,1,0,0,10,4.16,6
15,1,0,0,10,4.16,6
15,1,0,0,10,4.16,6
15,1,0,0,10,4.16,6
15,1,0,0,10,4.16,6
15,1,0,0,10,4.16,6
15,1,0,0,10,4.16,6
15,1,0,0,10,4.16,6
15,1,0,0,10,4.16,6
15,1,0,0,10,4.16,6
15,1,0,0,10,4.16,6
15,1,0,0,10,4.16,6
15,1,0,0,10,4.16,6
15,1,0,0,10,4.16,6
15,1,0,0,10,4.16,6
15,1,0,0,10,4.16,6
15,1,0,0,10,4.16,6
15,1,0,0,10,4.16,6
15,1,0,0,10,4.16,6
15,1,0,0,10,4.16,6
15,1,0,0,10,4.16,6
15,1,0,0,10,4.16,6
15,1,0,0,10,4.16,6
15,1,0,0,10,4.16,6
15,1,0,0,10,4.16,6
15,1,0,0,10,4.16,6
15,1,0,0,10,4.16,6
15,1,0,0,10,4.16,6
15,1,0,0,10,4.16,6
15,1,0,0,10,4.16,6
15,1,0,0,10,4.16,6
16,1,0,0,10,5.0,5
16,1,0,0,10,5.0,5
16,1,0,0,10,5.0,5
16,1,0,0,10,5.0,5
16,1,0,0,10,5.0,5
16,1,0,0,10,5.0,5
16,1,0,0,10,5.0,5
16,1,0,0,10,5.0,5
16,1,0,0,10,5.0,5
16,1,0,0,10,5.0,5
16,1,0,0,10,5.0,5
16,1,0,0,10,5.0,5
16,1,0,0,10,5.0,5
16,1,0,0,10,5.0,5
16,1,0,0,10,5.0,5
16,1,0,0,10,5.0,5
16,1,0,0,10,5.0,5
16,1,0,0,10,5.0,5
16,1,0,0,10,5.0,5
16,1,0,0,10,5.0,5
16,1,0,0,10,5.0,5
16,1,0,0,10,5.0,5
16,1,0,0,10,5.0,5
16,1,0,0,10,5.0,5
16,1,0,0,10,5.0,5
16,1,0,0,10,5.0,5
16,1,0,0,10,5.0,5
16,1,0,0,10,5.0,5
16,1,0,0,10,5.0,5
16,1,0,0,10,5.0,5
16,1,0,0,10,5.0,5
16,1,0,0,10,5.0,5
16,1,0,0,10,5.0,5
16,1,0,0,10,5.0,5
16,1,0,0,10,5.0,5
16,1,0,0,10,5.0,5
16,1,0,0,10,5.0,5
16,1,0,0,10,5.0,5
16,1,0,0,10,5.0,5
16,1,0,0,10,5.0,5
16,1,0,0,10,5.0,5
16,1,0,0,10,5.0,5
16,1,0,0,10,5.0,5
16,1,0,0,10,5.0,5
16,1,0,0,10,5.0,5
16,1,0,0,10,5.0,5
16,1,0,0,10,5.0,5
16,1,0,0,10,5.0,5
16,1,0,0,10,5.0,5
16,1,0,0,10,5.0,5
16,1,0,0,10,5.0,5
16,1,0,0,10,5.0,5
16,1,0,0,10,5.0,5
16,1,0,0,10,5.0,5
16,1,0,0,10,5.0,5
16,1,0,0,10,5.0,5
16,1,0,0,10,5.0,5
16,1,0,0,10,5.0,5
16,1,0,0,10,5.0,5
16,1,0,0,10,5.0,5
17,1,0,0,10,4.07,6
17,1,0,0,10,4.07,6
17,1,0,0,10,4.07,6
17,1,0,0,10,4.07,6
17,1,0,0,10,4.07,6
17,1,0,0,10,4.07,6
17,1,0,0,10,4.07,6
17,1,0,0,10,4.07,6
17,1,0,0,10,4.07,6
17,1,0,0,10,4.07,6
17,1,0,0,10,4.07,6
17,1,0,0,10,4.07,6
17,1,0,0,10,4.07,6
17,1,0,0,10,4.07,6
17,1,0,0,10,4.07,6
17,1,0,0,10,4.07,6
17,1,0,0,10,4.07,6
17,1,0,0,10,4.07,6
17,1,0,0,10,4.07,6
17,1,0,0,10,4.07,6
17,1,0,0,10,4.07,6
17,1,0,0,10,4.07,6
17,1,0,0,10,4.07,6
17,1,0,0,10,4.07,6
17,1,0,0,10,4.07,6
17,1,0,0,10,4.07,6
17,1,0,0,10,4.07,6
17,1,0,0,10,4.07,6
17,1,0,0,10,4.07,6
17,1,0,0,10,4.07,6
17,1,0,0,10,4.07,6
17,1,0,0,10,4.07,6
17,1,0,0,10,4.07,6
17,1,0,0,10,4.07,6
17,1,0,0,10,4.07,6
17,1,0,0,10,4.07,6
17,1,0,0,10,4.07,6
17,1,0,0,10,4.07,6
17,1,0,0,10,4.07,6
17,1,0,0,10,4.07,6
17,1,0,0,10,4.07,6
17,1,0,0,10,4.07,6
17,1,0,0,10,4.07,6
17,1,0,0,10,4.07,6
17,1,0,0,10,4.07,6
17,1,0,0,10,4.07,6
17,1,0,0,10,4.07,6
17,1,0,0,10,4.07,6
17,1,0,0,10,4.07,6
17,1,0,0,10,4.07,6
17,1,0,0,10,4.07,6
17,1,0,0,10,4.07,6
17,1,0,0,10,4.07,6
17,1,0,0,10,4.07,6
17,1,0,0,10,4.07,6
17,1,0,0,10,4.07,6
17,1,0,0,10,4.07,6
17,1,0,0,10,4.07,6
17,1,0,0,10,4.07,6
17,1,0,0,10,4.07,6
18,1,0,0,10,4.0,6
18,1,0,0,10,4.0,6
18,1,0,0,10,4.0,6
18,1,0,0,10,4.0,6
18,1,0,0,10,4.0,6
18,1,0,0,10,4.0,6
18,1,0,0,10,4.0,6
18,1,0,0,10,4.0,6
18,1,0,0,10,4.0,6
18,1,0,0,10,4.0,6
18,1,0,0,10,4.0,6
18,1,0,0,10,4.0,6
18,1,0,0,10,4.0,6
18,1,0,0,10,4.0,6
18,1,0,0,10,4.0,6
18,1,0,0,10,4.0,6
18,1,0,0,10,4.0,6
18,1,0,0,10,4.0,6
18,1,0,0,10,4.0,6
18,1,0,0,10,4.0,6
18,1,0,0,10,4.0,6
18,1,0,0,10,4.0,6
18,1,0,0,10,4.0,6
18,1,0,0,10,4.0,6
18,1,0,0,10,4.0,6
18,1,0,0,10,4.0,6
18,1,0,0,10,4.0,6
18,1,0,0,10,4.0,6
18,1,0,0,10,4.0,6
18,1,0,0,10,4.0,6
18,1,0,0,10,4.0,6
18,1,0,0,10,4.0,6
18,1,0,0,10,4.0,6
18,1,0,0,10,4.0,6
18,1,0,0,10,4.0,6
18,1,0,0,10,4.0,6
18,1,0,0,10,4.0,6
18,1,0,0,10,4.0,6
18,1,0,0,10,4.0,6
18,1,0,0,10,4.0,6
18,1,0,0,10,4.0,6
18,1,0,0,10,4.0,6
18,1,0,0,10,4.0,6
18,1,0,0,10,4.0,6
18,1,0,0,10,4.0,6
18,1,0,0,10,4.0,6
18,1,0,0,10,4.0,6
18,1,0,0,10,4.0,6
18,1,0,0,10,4.0,6
18,1,0,0,10,4.0,6
18,1,0,0,10,4.0,6
18,1,0,0,10,4.0,6
18,1,0,0,10,4.0,6
18,1,0,0,10,4.0,6
18,1,0,0,10,4.0,6
18,1,0,0,10,4.0,6
18,1,0,0,10,4.0,6
18,1,0,0,10,4.0,6
18,1,0,0,10,4.0,6
18,1,0,0,10,4.0,6
19,1,0,0,10,3.34,7
19,1,0,0,10,3.34,7
19,1,0,0,10,3.34,7
19,1,0,0,10,3.34,7
19,1,0,0,10,3.34,7
19,1,0,0,10,3.34,7
19,1,0,0,10,3.34,7
19,1,0,0,10,3.34,7
19,1,0,0,10,3.34,7
19,1,0,0,10,3.34,7
19,1,0,0,10,3.34,7
19,1,0,0,10,3.34,7
19,1,0,0,10,3.34,7
19,1,0,0,10,3.34,7
19,1,0,0,10,3.34,7
19,1,0,0,10,3.34,7
19,1,0,0,10,3.34,7
19,1,0,0,10,3.34,7
19,1,0,0,10,3.34,7
19,1,0,0,10,3.34,7
19,1,0,0,10,3.34,7
19,1,0,0,10,3.34,7
19,1,0,0,10,3.34,7
19,1,0,0,10,3.34,7
19,1,0,0,10,3.34,7
19,1,0,0,10,3.34,7
19,1,0,0,10,3.34,7
19,1,0,0,10,3.34,7
19,1,0,0,10,3.34,7
19,1,0,0,10,3.34,7
19,1,0,0,10,3.34,7
19,1,0,0,10,3.34,7
19,1,0,0,10,3.34,7
19,1,0,0,10,3.34,7
19,1,0,0,10,3.34,7
19,1,0,0,10,3.34,7
19,1,0,0,10,3.34,7
19,1,0,0,10,3.34,7
19,1,0,0,10,3.34,7
19,1,0,0,10,3.34,7
19,1,0,0,10,3.34,7
19,1,0,0,10,3.34,7
19,1,0,0,10,3.34,7
19,1,0,0,10,3.34,7
19,1,0,0,10,3.34,7
19,1,0,0,10,3.34,7
19,1,0,0,10,3.34,7
19,1,0,0,10,3.34,7
19,1,0,0,10,3.34,7
19,1,0,0,10,3.34,7
19,1,0,0,10,3.34,7
19,1,0,0,10,3.34,7
19,1,0,0,10,3.34,7
19,1,0,0,10,3.34,7
19,1,0,0,10,3.34,7
19,1,0,0,10,3.34,7
19,1,0,0,10,3.34,7
19,1,0,0,10,3.34,7
19,1,0,0,10,3.34,7
19,1,0,0,10,3.34,7
20,1,0,0,10,4.0,6
20,1,0,0,10,4.0,6
20,1,0,0,10,4.0,6
20,1,0,0,10,4.0,6
20,1,0,0,10,4.0,6
20,1,0,0,10,4.0,6
20,1,0,0,10,4.0,6
20,1,0,0,10,4.0,6
20,1,0,0,10,4.0,6
20,1,0,0,10,4.0,6
20,1,0,0,10,4.0,6
20,1,0,0,10,4.0,6
20,1,0,0,10,4.0,6
20,1,0,0,10,4.0,6
20,1,0,0,10,4.0,6
20,1,0,0,10,4.0,6
20,1,0,0,10,4.0,6
20,1,0,0,10,4.0,6
20,1,0,0,10,0.0,10
20,1,0,0,10,0.0,10
20,1,0,0,10,0.0,10
20,1,0,0,10,0.0,10
20,1,0,0,10,0.0,10
20,1,0,0,10,0.0,10
20,1,0,0,10,0.0,10
20,1,0,0,10,0.0,10
20,1,0,0,10,0.0,10
20,1,0,0,10,0.0,10
20,1,0,0,10,0.0,10
20,1,0,0,10,0.0,10
20,1,0,0,10,0.0,10
20,1,0,0,10,0.0,10
20,1,0,0,10,0.0,10
20,1,0,0,10,0.0,10
20,1,0,0,10,0.0,10
20,1,0,0,10,0.0,10
20,1,0,0,10,0.0,10
20,1,0,0,10,0.0,10
20,1,0,0,10,0.0,10
20,1,0,0,10,0.0,10
20,1,0,0,10,0.0,10
20,1,0,0,10,0.0,10
20,1,0,0,10,0.0,10
20,1,0,0,10,0.0,10
20,1,0,0,10,0.0,10
20,1,0,0,10,0.0,10
20,1,0,0,10,0.0,10
20,1,0,0,10,0.0,10
20,1,0,0,10,0.0,10
20,1,0,0,10,0.0,10
20,1,0,0,10,0.0,10
20,1,0,0,10,0.0,10
20,1,0,0,10,0.0,10
20,1,0,0,10,0.0,10
20,1,0,0,10,0.0,10
20,1,0,0,10,0.0,10
20,1,0,0,10,0.0,10
20,1,0,0,10,0.0,10
20,1,0,0,10,0.0,10
20,1,0,0,10,0.0,10
21,1,0,0,10,0.0,10
21,1,0,0,10,0.0,10
21,1,0,0,10,0.0,10
21,1,0,0,10,0.0,10
21,1,0,0,10,0.0,10
21,1,0,0,10,0.0,10
21,1,0,0,10,0.0,10
21,1,0,0,10,0.0,10
21,1,0,0,10,0.0,10
21,1,0,0,10,0.0,10
21,1,0,0,10,0.0,10
21,1,0,0,10,0.0,10
21,1,0,0,10,0.0,10
21,1,0,0,10,0.0,10
21,1,0,0,10,0.0,10
21,1,0,0,10,0.0,10
21,1,0,0,10,0.0,10
21,1,0,0,10,0.0,10
21,1,0,0,10,0.0,10
21,1,0,0,10,0.0,10
21,1,0,0,10,0.0,10
21,1,0,0,10,0.0,10
21,1,0,0,10,0.0,10
21,1,0,0,10,0.0,10
21,1,0,0,10,0.0,10
21,1,0,0,10,0.0,10
21,1,0,0,10,0.0,10
21,1,0,0,10,0.0,10
21,1,0,0,10,0.0,10
21,1,0,0,10,0.0,10
21,1,0,0,10,0.0,10
21,1,0,0,10,0.0,10
21,1,0,0,10,0.0,10
21,1,0,0,10,0.0,10
21,1,0,0,10,0.0,10
21,1,0,0,10,0.0,10
21,1,0,0,10,0.0,10
21,1,0,0,10,0.0,10
21,1,0,0,10,0.0,10
21,1,0,0,10,0.0,10
21,1,0,0,10,0.0,10
21,1,0,0,10,0.0,10
21,1,0,0,10,0.0,10
21,1,0,0,10,0.0,10
21,1,0,0,10,0.0,10
21,1,0,0,10,0.0,10
21,1,0,0,10,0.0,10
21,1,0,0,10,0.0,10
21,1,0,0,10,0.0,10
21,1,0,0,10,0.0,10
21,1,0,0,10,0.0,10
21,1,0,0,10,0.0,10
21,1,0,0,10,0.0,10
21,1,0,0,10,0.0,10
21,1,0,0,10,0.0,10
21,1,0,0,10,0.0,10
21,1,0,0,10,0.0,10
21,1,0,0,10,0.0,10
21,1,0,0,10,0.0,10
21,1,0,0,10,0.0,10
22,1,0,0,10,0.0,10
22,1,0,0,10,0.0,10
22,1,0,0,10,0.0,10
22,1,0,0,10,0.0,10
22,1,0,0,10,0.0,10
22,1,0,0,10,0.0,10
22,1,0,0,10,0.0,10
22,1,0,0,10,0.0,10
22,1,0,0,10,0.0,10
22,1,0,0,10,0.0,10
22,1,0,0,10,0.0,10
22,1,0,0,10,0.0,10
22,1,0,0,10,0.0,10
22,1,0,0,10,0.0,10
22,1,0,0,10,0.0,10
22,1,0,0,10,0.0,10
22,1,0,0,10,0.0,10
22,1,0,0,10,0.0,10
22,1,0,0,10,0.0,10
22,1,0,0,10,0.0,10
22,1,0,0,10,0.0,10
22,1,0,0,10,0.0,10
22,1,0,0,10,0.0,10
22,1,0,0,10,0.0,10
22,1,0,0,10,0.0,10
22,1,0,0,10,0.0,10
22,1,0,0,10,0.0,10
22,1,0,0,10,0.0,10
22,1,0,0,10,0.0,10
22,1,0,0,10,0.0,10
22,1,0,0,10,0.0,10
22,1,0,0,10,0.0,10
22,1,0,0,10,0.0,10
22,1,0,0,10,0.0,10
22,1,0,0,10,0.0,10
22,1,0,0,10,0.0,10
22,1,0,0,10,0.0,10
22,1,0,0,10,0.0,10
22,1,0,0,10,0.0,10
22,1,0,0,10,0.0,10
22,1,0,0,10,0.0,10
22,1,0,0,10,0.0,10
22,1,0,0,10,0.0,10
22,1,0,0,10,0.0,10
22,1,0,0,10,0.0,10
22,1,0,0,10,0.0,10
22,1,0,0,10,0.0,10
22,1,0,0,10,0.0,10
22,1,0,0,10,0.0,10
22,1,0,0,10,0.0,10
22,1,0,0,10,0.0,10
22,1,0,0,10,0.0,10
22,1,0,0,10,0.0,10
22,1,0,0,10,0.0,10
22,1,0,0,10,0.0,10
22,1,0,0,10,0.0,10
22,1,0,0,10,0.0,10
22,1,0,0,10,0.0,10
22,1,0,0,10,0.0,10
22,1,0,0,10,0.0,10
23,1,0,0,10,0.0,10
23,1,0,0,10,0.0,10
23,1,0,0,10,0.0,10
23,1,0,0,10,0.0,10
23,1,0,0,10,0.0,10
23,1,0,0,10,0.0,10
23,1,0,0,10,0.0,10
23,1,0,0,10,0.0,10
23,1,0,0,10,0.0,10
23,1,0,0,10,0.0,10
23,1,0,0,10,0.0,10
23,1,0,0,10,0.0,10
23,1,0,0,10,0.0,10
23,1,0,0,10,0.0,10
23,1,0,0,10,0.0,10
23,1,0,0,10,0.0,10
23,1,0,0,10,0.0,10
23,1,0,0,10,0.0,10
23,1,0,0,9,1.0,10
23,1,0,0,9,1.0,10
23,1,0,0,9,1.0,10
23,1,0,0,9,1.0,10
23,1,0,0,9,1.0,10
23,1,0,0,9,1.0,10
23,1,0,0,9,1.0,10
23,1,0,0,9,1.0,10
23,1,0,0,9,1.0,10
23,1,0,0,9,1.0,10
23,1,0,0,9,1.0,10
23,1,0,0,9,1.0,10
23,1,0,0,9,1.0,10
23,1,0,0,9,1.0,10
23,1,0,0,9,1.0,10
23,1,0,0,9,1.0,10
23,1,0,0,9,1.0,10
23,1,0,0,9,1.0,10
23,1,0,0,9,1.0,10
23,1,0,0,9,1.0,10
23,1,0,0,9,1.0,10
23,1,0,0,9,1.0,10
23,1,0,0,9,1.0,10
23,1,0,0,9,1.0,10
23,1,0,0,9,1.0,10
23,1,0,0,9,1.0,10
23,1,0,0,9,1.0,10
23,1,0,0,9,1.0,10
23,1,0,0,9,1.0,10
23,1,0,0,9,1.0,10
23,1,0,0,9,1.0,10
23,1,0,0,9,1.0,10
23,1,0,0,9,1.0,10
23,1,0,0,9,1.0,10
23,1,0,0,9,1.0,10
23,1,0,0,9,1.0,10
23,1,0,0,9,1.0,10
23,1,0,0,9,1.0,10
23,1,0,0,9,1.0,10
23,1,0,0,9,1.0,10
23,1,0,0,9,1.0,10
23,1,0,0,9,1.0,10
0,2,0,0,9,4.0,5
0,2,0,0,9,4.0,5
0,2,0,0,9,4.0,5
0,2,0,0,9,4.0,5
0,2,0,0,9,4.0,5
0,2,0,0,9,4.0,5
0,2,0,0,9,4.0,5
0,2,0,0,9,4.0,5
0,2,0,0,9,4.0,5
0,2,0,0,9,4.0,5
0,2,0,0,9,4.0,5
0,2,0,0,9,4.0,5
0,2,0,0,9,4.0,5
0,2,0,0,9,4.0,5
0,2,0,0,9,4.0,5
0,2,0,0,9,4.0,5
0,2,0,0,9,4.0,5
0,2,0,0,9,4.0,5
0,2,0,0,9,4.0,5
0,2,0,0,9,4.0,5
0,2,0,0,9,4.0,5
0,2,0,0,9,4.0,5
0,2,0,0,9,4.0,5
0,2,0,0,9,4.0,5
0,2,0,0,9,4.0,5
0,2,0,0,9,4.0,5
0,2,0,0,9,4.0,5
0,2,0,0,9,4.0,5
0,2,0,0,9,4.0,5
0,2,0,0,9,4.0,5
0,2,0,0,9,4.0,5
0,2,0,0,9,4.0,5
0,2,0,0,9,4.0,5
0,2,0,0,9,4.0,5
0,2,0,0,9,4.0,5
0,2,0,0,9,4.0,5
0,2,0,0,9,4.0,5
0,2,0,0,9,4.0,5
0,2,0,0,9,4.0,5
0,2,0,0,9,4.0,5
0,2,0,0,9,4.0,5
0,2,0,0,9,4.0,5
0,2,0,0,9,4.0,5
0,2,0,0,9,4.0,5
0,2,0,0,9,4.0,5
0,2,0,0,9,4.0,5
0,2,0,0,9,4.0,5
0,2,0,0,9,4.0,5
0,2,0,0,9,4.0,5
0,2,0,0,9,4.0,5
0,2,0,0,9,4.0,5
0,2,0,0,9,4.0,5
0,2,0,0,9,4.0,5
0,2,0,0,9,4.0,5
0,2,0,0,9,4.0,5
0,2,0,0,9,4.0,5
0,2,0,0,9,4.0,5
0,2,0,0,9,4.0,5
0,2,0,0,9,4.0,5
0,2,0,0,9,4.0,5
1,2,0,0,9,4.0,5
1,2,0,0,9,4.0,5
1,2,0,0,9,4.0,5
1,2,0,0,9,4.0,5
1,2,0,0,9,4.0,5
1,2,0,0,9,4.0,5
1,2,0,0,9,4.0,5
1,2,0,0,9,4.0,5
1,2,0,0,9,4.0,5
1,2,0,0,9,4.0,5
1,2,0,0,9,4.0,5
1,2,0,0,9,4.0,5
1,2,0,0,9,4.0,5
1,2,0,0,9,4.0,5
1,2,0,0,9,4.0,5
1,2,0,0,9,4.0,5
1,2,0,0,9,4.0,5
1,2,0,0,9,4.0,5
1,2,0,0,9,4.0,5
1,2,0,0,9,4.0,5
1,2,0,0,9,4.0,5
1,2,0,0,9,4.0,5
1,2,0,0,9,4.0,5
1,2,0,0,9,4.0,5
1,2,0,0,9,4.0,5
1,2,0,0,9,4.0,5
1,2,0,0,9,4.0,5
1,2,0,0,9,4.0,5
1,2,0,0,9,4.0,5
1,2,0,0,9,4.0,5
1,2,0,0,9,4.0,5
1,2,0,0,9,4.0,5
1,2,0,0,9,4.0,5
1,2,0,0,9,4.0,5
1,2,0,0,9,4.0,5
1,2,0,0,9,4.0,5
1,2,0,0,9,4.0,5
1,2,0,0,9,4.0,5
1,2,0,0,9,4.0,5
1,2,0,0,9,4.0,5
1,2,0,0,9,4.0,5
1,2,0,0,9,4.0,5
1,2,0,0,9,4.0,5
1,2,0,0,9,4.0,5
1,2,0,0,9,4.0,5
1,2,0,0,9,4.0,5
1,2,0,0,9,4.0,5
1,2,0,0,9,4.0,5
1,2,0,0,9,4.0,5
1,2,0,0,9,4.0,5
1,2,0,0,9,4.0,5
1,2,0,0,9,4.0,5
1,2,0,0,9,4.0,5
1,2,0,0,9,4.0,5
1,2,0,0,9,4.0,5
1,2,0,0,9,4.0,5
1,2,0,0,9,4.0,5
1,2,0,0,9,4.0,5
1,2,0,0,9,4.0,5
1,2,0,0,9,4.0,5
2,2,0,0,9,4.0,5
2,2,0,0,9,4.0,5
2,2,0,0,9,4.0,5
2,2,0,0,9,4.0,5
2,2,0,0,9,4.0,5
2,2,0,0,9,4.0,5
2,2,0,0,9,4.0,5
2,2,0,0,9,4.0,5
2,2,0,0,9,4.0,5
2,2,0,0,9,4.0,5
2,2,0,0,9,4.0,5
2,2,0,0,9,4.0,5
2,2,0,0,9,4.0,5
2,2,0,0,9,4.0,5
2,2,0,0,9,4.0,5
2,2,0,0,9,4.0,5
2,2,0,0,9,4.0,5
2,2,0,0,9,4.0,5
2,2,0,0,9,4.0,5
2,2,0,0,9,4.0,5
2,2,0,0,9,4.0,5
2,2,0,0,9,4.0,5
2,2,0,0,9,4.0,5
2,2,0,0,9,4.0,5
2,2,0,0,9,4.0,5
2,2,0,0,9,4.0,5
2,2,0,0,9,4.0,5
2,2,0,0,9,4.0,5
2,2,0,0,9,4.0,5
2,2,0,0,9,4.0,5
2,2,0,0,9,4.0,5
2,2,0,0,9,4.0,5
2,2,0,0,9,4.0,5
2,2,0,0,9,4.0,5
2,2,0,0,9,4.0,5
2,2,0,0,9,4.0,5
2,2,0,0,9,4.0,5
2,2,0,0,9,4.0,5
2,2,0,0,9,4.0,5
2,2,0,0,9,4.0,5
2,2,0,0,9,4.0,5
2,2,0,0,9,4.0,5
2,2,0,0,9,4.0,5
2,2,0,0,9,4.0,5
2,2,0,0,9,4.0,5
2,2,0,0,9,4.0,5
2,2,0,0,9,4.0,5
2,2,0,0,9,4.0,5
2,2,0,0,9,4.0,5
2,2,0,0,9,4.0,5
2,2,0,0,9,4.0,5
2,2,0,0,9,4.0,5
2,2,0,0,9,4.0,5
2,2,0,0,9,4.0,5
2,2,0,0,9,4.0,5
2,2,0,0,9,4.0,5
2,2,0,0,9,4.0,5
2,2,0,0,9,4.0,5
2,2,0,0,9,4.0,5
2,2,0,0,9,4.0,5
3,2,0,0,9,4.0,5
3,2,0,0,9,4.0,5
3,2,0,0,9,4.0,5
3,2,0,0,9,4.0,5
3,2,0,0,9,4.0,5
3,2,0,0,9,4.0,5
3,2,0,0,9,4.0,5
3,2,0,0,9,4.0,5
3,2,0,0,9,4.0,5
3,2,0,0,9,4.0,5
3,2,0,0,9,4.0,5
3,2,0,0,9,4.0,5
3,2,0,0,9,4.0,5
3,2,0,0,9,4.0,5
3,2,0,0,9,4.0,5
3,2,0,0,9,4.0,5
3,2,0,0,9,4.0,5
3,2,0,0,9,4.0,5
3,2,0,0,9,4.0,5
3,2,0,0,9,4.0,5
3,2,0,0,9,4.0,5
3,2,0,0,9,4.0,5
3,2,0,0,9,4.0,5
3,2,0,0,9,4.0,5
3,2,0,0,9,4.0,5
3,2,0,0,9,4.0,5
3,2,0,0,9,4.0,5
3,2,0,0,9,4.0,5
3,2,0,0,9,4.0,5
3,2,0,0,9,4.0,5
3,2,0,0,9,4.0,5
3,2,0,0,9,4.0,5
3,2,0,0,9,4.0,5
3,2,0,0,9,4.0,5
3,2,0,0,9,4.0,5
3,2,0,0,9,4.0,5
3,2,0,0,9,4.0,5
3,2,0,0,9,4.0,5
3,2,0,0,9,4.0,5
3,2,0,0,9,4.0,5
3,2,0,0,9,4.0,5
3,2,0,0,9,4.0,5
3,2,0,0,9,4.0,5
3,2,0,0,9,4.0,5
3,2,0,0,9,4.0,5
3,2,0,0,9,4.0,5
3,2,0,0,9,4.0,5
3,2,0,0,9,4.0,5
3,2,0,0,9,4.0,5
3,2,0,0,9,4.0,5
3,2,0,0,9,4.0,5
3,2,0,0,9,4.0,5
3,2,0,0,9,4.0,5
3,2,0,0,9,4.0,5
3,2,0,0,9,4.0,5
3,2,0,0,9,4.0,5
3,2,0,0,9,4.0,5
3,2,0,0,9,4.0,5
3,2,0,0,9,4.0,5
3,2,0,0,9,4.0,5
4,2,0,0,9,4.0,5
4,2,0,0,9,4.0,5
4,2,0,0,9,4.0,5
4,2,0,0,9,4.0,5
4,2,0,0,9,4.0,5
4,2,0,0,9,4.0,5
4,2,0,0,9,4.0,5
4,2,0,0,9,4.0,5
4,2,0,0,9,4.0,5
4,2,0,0,9,4.0,5
4,2,0,0,9,4.0,5
4,2,0,0,9,4.0,5
4,2,0,0,9,4.0,5
4,2,0,0,9,4.0,5
4,2,0,0,9,4.0,5
4,2,0,0,9,4.0,5
4,2,0,0,9,4.0,5
4,2,0,0,9,4.0,5
4,2,0,0,9,4.0,5
4,2,0,0,9,4.0,5
4,2,0,0,9,4.0,5
4,2,0,0,9,4.0,5
4,2,0,0,9,4.0,5
4,2,0,0,9,4.0,5
4,2,0,0,9,4.0,5
4,2,0,0,9,4.0,5
4,2,0,0,9,4.0,5
4,2,0,0,9,4.0,5
4,2,0,0,9,4.0,5
4,2,0,0,9,4.0,5
4,2,0,0,9,4.0,5
4,2,0,0,9,4.0,5
4,2,0,0,9,4.0,5
4,2,0,0,9,4.0,5
4,2,0,0,9,4.0,5
4,2,0,0,9,4.0,5
4,2,0,0,9,4.0,5
4,2,0,0,9,4.0,5
4,2,0,0,9,4.0,5
4,2,0,0,9,4.0,5
4,2,0,0,9,4.0,5
4,2,0,0,9,4.0,5
4,2,0,0,9,4.0,5
4,2,0,0,9,4.0,5
4,2,0,0,9,4.0,5
4,2,0,0,9,4.0,5
4,2,0,0,9,4.0,5
4,2,0,0,9,4.0,5
4,2,0,0,9,4.0,5
4,2,0,0,9,4.0,5
4,2,0,0,9,4.0,5
4,2,0,0,9,4.0,5
4,2,0,0,9,4.0,5
4,2,0,0,9,4.0,5
4,2,0,0,9,4.0,5
4,2,0,0,9,4.0,5
4,2,0,0,9,4.0,5
4,2,0,0,9,4.0,5
4,2,0,0,9,4.0,5
4,2,0,0,9,4.0,5
5,2,0,0,9,3.56,5
5,2,0,0,9,3.56,5
5,2,0,0,9,3.56,5
5,2,0,0,9,3.56,5
5,2,0,0,9,3.56,5
5,2,0,0,9,3.56,5
5,2,0,0,9,3.56,5
5,2,0,0,9,3.56,5
5,2,0,0,9,3.56,5
5,2,0,0,9,3.56,5
5,2,0,0,9,3.56,5
5,2,0,0,9,3.56,5
5,2,0,0,9,3.56,5
5,2,0,0,9,3.56,5
5,2,0,0,9,3.56,5
5,2,0,0,9,3.56,5
5,2,0,0,9,3.56,5
5,2,0,0,9,3.56,5
5,2,0,0,9,3.56,5
5,2,0,0,9,3.56,5
5,2,0,0,9,3.56,5
5,2,0,0,9,3.56,5
5,2,0,0,9,3.56,5
5,2,0,0,9,3.56,5
5,2,0,0,9,3.56,5
5,2,0,0,9,3.56,5
5,2,0,0,9,3.56,5
5,2,0,0,9,3.56,5
5,2,0,0,9,3.56,5
5,2,0,0,9,3.56,5
5,2,0,0,9,3.56,5
5,2,0,0,9,3.56,5
5,2,0,0,9,3.56,5
5,2,0,0,9,3.56,5
5,2,0,0,9,3.56,5
5,2,0,0,9,3.56,5
5,2,0,0,9,3.56,5
5,2,0,0,9,3.56,5
5,2,0,0,9,3.56,5
5,2,0,0,9,3.56,5
5,2,0,0,9,3.56,5
5,2,0,0,9,3.56,5
5,2,0,0,9,3.56,5
5,2,0,0,9,3.56,5
5,2,0,0,9,3.56,5
5,2,0,0,9,3.56,5
5,2,0,0,9,3.56,5
5,2,0,0,9,3.56,5
5,2,0,0,9,3.56,5
5,2,0,0,9,3.56,5
5,2,0,0,9,3.56,5
5,2,0,0,9,3.56,5
5,2,0,0,9,3.56,5
5,2,0,0,9,3.56,5
5,2,0,0,9,3.56,5
5,2,0,0,9,3.56,5
5,2,0,0,9,3.56,5
5,2,0,0,9,3.56,5
5,2,0,0,9,3.56,5
5,2,0,0,9,3.56,5
6,2,0,0,9,3.0,6
6,2,0,0,9,3.0,6
6,2,0,0,9,3.0,6
6,2,0,0,9,3.0,6
6,2,0,0,9,3.0,6
6,2,0,0,9,3.0,6
6,2,0,0,9,3.0,6
6,2,0,0,9,3.0,6
6,2,0,0,9,3.0,6
6,2,0,0,9,3.0,6
6,2,0,0,9,3.0,6
6,2,0,0,9,3.0,6
6,2,0,0,9,3.0,6
6,2,0,0,9,3.0,6
6,2,0,0,9,3.0,6
6,2,0,0,9,3.0,6
6,2,0,0,9,3.0,6
6,2,0,0,9,3.0,6
6,2,0,0,9,3.0,6
6,2,0,0,9,3.0,6
6,2,0,0,9,3.0,6
6,2,0,0,9,3.0,6
6,2,0,0,9,3.0,6
6,2,0,0,9,3.0,6
6,2,0,0,9,3.0,6
6,2,0,0,9,3.0,6
6,2,0,0,9,3.0,6
6,2,0,0,9,3.0,6
6,2,0,0,9,3.0,6
6,2,0,0,9,3.0,6
6,2,0,0,9,3.0,6
6,2,0,0,9,3.0,6
6,2,0,0,9,3.0,6
6,2,0,0,9,3.0,6
6,2,0,0,9,3.0,6
6,2,0,0,9,3.0,6
6,2,0,0,9,3.0,6
6,2,0,0,9,3.0,6
6,2,0,0,9,3.0,6
6,2,0,0,9,3.0,6
6,2,0,0,9,3.0,6
6,2,0,0,9,3.0,6
6,2,0,0,9,3.0,6
6,2,0,0,9,3.0,6
6,2,0,0,9,3.0,6
6,2,0,0,9,3.0,6
6,2,0,0,9,3.0,6
6,2,0,0,9,3.0,6
6,2,0,0,9,3.0,6
6,2,0,0,9,3.0,6
6,2,0,0,9,3.0,6
6,2,0,0,9,3.0,6
6,2,0,0,9,3.0,6
6,2,0,0,9,3.0,6
6,2,0,0,9,3.0,6
6,2,0,0,9,3.0,6
6,2,0,0,9,3.0,6
6,2,0,0,9,3.0,6
6,2,0,0,9,3.0,6
6,2,0,0,9,3.0,6
7,2,0,0,9,3.0,6
7,2,0,0,9,3.0,6
7,2,0,0,9,3.0,6
7,2,0,0,9,3.0,6
7,2,0,0,9,3.0,6
7,2,0,0,8,2.0,6
7,2,0,0,8,2.0,6
7,2,0,0,8,2.0,6
7,2,0,0,8,2.0,6
7,2,0,0,8,2.0,6
7,2,0,0,8,2.0,6
7,2,0,0,8,2.0,6
7,2,0,0,8,2.0,6
7,2,0,0,8,2.0,6
7,2,0,0,8,2.0,6
7,2,0,0,8,2.0,6
7,2,0,0,8,2.0,6
7,2,0,0,8,2.0,6
7,2,0,0,8,2.0,6
7,2,0,0,8,2.0,6
7,2,0,0,8,2.0,6
7,2,0,0,8,2.0,6
7,2,0,0,8,2.0,6
7,2,0,0,8,2.0,6
7,2,0,0,8,2.0,6
7,2,0,0,8,2.0,6
7,2,0,0,8,2.0,6
7,2,0,0,8,2.0,6
7,2,0,0,8,2.0,6
7,2,0,0,8,2.0,6
7,2,0,0,8,2.0,6
7,2,0,0,8,2.0,6
7,2,0,0,8,2.0,6
7,2,0,0,8,2.0,6
7,2,0,0,8,2.0,6
7,2,0,0,8,2.0,6
7,2,0,0,8,2.0,6
7,2,0,0,8,2.0,6
7,2,0,0,8,2.0,6
7,2,0,0,8,2.0,6
7,2,0,0,8,2.0,6
7,2,0,0,8,2.0,6
7,2,0,0,8,2.0,6
7,2,0,0,8,2.0,6
7,2,0,0,8,2.0,6
7,2,0,0,8,2.0,6
7,2,0,0,8,2.0,6
7,2,0,0,8,2.0,6
7,2,0,0,8,2.0,6
7,2,0,0,8,2.0,6
7,2,0,0,8,2.0,6
7,2,0,0,8,2.0,6
7,2,0,0,8,2.0,6
7,2,0,0,8,2.0,6
7,2,0,0,8,2.0,6
7,2,0,0,8,2.0,6
7,2,0,0,8,2.0,6
7,2,0,0,8,2.0,6
7,2,0,0,8,2.0,6
7,2,0,0,8,2.0,6
8,2,0,0,8,1.69,6
8,2,0,0,8,1.69,6
8,2,0,0,8,1.69,6
8,2,0,0,8,1.69,6
8,2,0,0,8,1.69,6
8,2,0,0,8,1.69,6
8,2,0,0,8,1.69,6
8,2,0,0,8,1.69,6
8,2,0,0,8,1.69,6
8,2,0,0,8,1.69,6
8,2,0,0,8,1.69,6
8,2,0,0,8,1.69,6
8,2,0,0,8,1.69,6
8,2,0,0,8,1.69,6
8,2,0,0,8,1.69,6
8,2,0,0,8,1.69,6
8,2,0,0,8,1.69,6
8,2,0,0,8,1.69,6
8,2,0,0,8,1.69,6
8,2,0,0,8,1.69,6
8,2,0,0,8,1.69,6
8,2,0,0,8,1.69,6
8,2,0,0,8,1.69,6
8,2,0,0,8,1.69,6
8,2,0,0,8,1.69,6
8,2,0,0,8,1.69,6
8,2,0,0,8,1.69,6
8,2,0,0,8,1.69,6
8,2,0,0,8,1.69,6
8,2,0,0,8,1.69,6
8,2,0,0,8,1.69,6
8,2,0,0,8,1.69,6
8,2,0,0,8,1.69,6
8,2,0,0,8,1.69,6
8,2,0,0,8,1.69,6
8,2,0,0,8,1.69,6
8,2,0,0,8,1.69,6
8,2,0,0,8,1.69,6
8,2,0,0,8,1.69,6
8,2,0,0,8,1.69,6
8,2,0,0,8,1.69,6
8,2,0,0,8,1.69,6
8,2,0,0,8,1.69,6
8,2,0,0,8,1.69,6
8,2,0,0,8,1.69,6
8,2,0,0,8,1.69,6
8,2,0,0,8,1.69,6
8,2,0,0,8,1.69,6
8,2,0,0,8,1.69,6
8,2,0,0,8,1.69,6
8,2,0,0,8,1.69,6
8,2,0,0,8,1.69,6
8,2,0,0,8,1.69,6
8,2,0,0,8,1.69,6
8,2,0,0,8,1.69,6
8,2,0,0,8,1.69,6
8,2,0,0,8,1.69,6
8,2,0,0,8,1.69,6
8,2,0,0,8,1.69,6
8,2,0,0,8,1.69,6
9,2,0,0,8,0.15,8
9,2,0,0,8,0.15,8
9,2,0,0,8,0.15,8
9,2,0,0,8,0.15,8
9,2,0,0,8,0.15,8
9,2,0,0,8,0.15,8
9,2,0,0,8,0.15,8
9,2,0,0,8,0.15,8
9,2,0,0,8,0.15,8
9,2,0,0,8,0.15,8
9,2,0,0,8,0.15,8
9,2,0,0,8,0.15,8
9,2,0,0,8,0.15,8
9,2,0,0,8,0.15,8
9,2,0,0,8,0.15,8
9,2,0,0,8,0.15,8
9,2,0,0,8,0.15,8
9,2,0,0,8,0.15,8
9,2,0,0,8,0.15,8
9,2,0,0,8,0.15,8
9,2,0,0,8,0.15,8
9,2,0,0,8,0.15,8
9,2,0,0,8,0.15,8
9,2,0,0,8,0.15,8
9,2,0,0,8,0.15,8
9,2,0,0,8,0.15,8
9,2,0,0,8,0.15,8
9,2,0,0,8,0.15,8
9,2,0,0,8,0.15,8
9,2,0,0,8,0.15,8
9,2,0,0,8,0.15,8
9,2,0,0,8,0.15,8
9,2,0,0,8,0.15,8
9,2,0,0,8,0.15,8
9,2,0,0,8,0.15,8
9,2,0,0,8,0.15,8
9,2,0,0,8,0.15,8
9,2,0,0,8,0.15,8
9,2,0,0,8,0.15,8
9,2,0,0,8,0.15,8
9,2,0,0,8,0.15,8
9,2,0,0,8,0.15,8
9,2,0,0,8,0.15,8
9,2,0,0,8,0.15,8
9,2,0,0,8,0.15,8
9,2,0,0,8,0.15,8
9,2,0,0,7,0.85,8
9,2,0,0,7,0.85,8
9,2,0,0,7,0.85,8
9,2,0,0,7,0.85,8
9,2,0,0,7,0.85,8
9,2,0,0,7,0.85,8
9,2,0,0,7,0.85,8
9,2,0,0,7,0.85,8
9,2,0,0,7,0.85,8
9,2,0,0,7,0.85,8
9,2,0,0,7,0.85,8
9,2,0,0,7,0.85,8
9,2,0,0,7,0.85,8
9,2,0,0,7,0.85,8
10,2,0,0,7,1.8,9
10,2,0,0,7,1.8,9
10,2,0,0,7,1.8,9
10,2,0,0,7,1.8,9
10,2,0,0,7,1.8,9
10,2,0,0,7,1.8,9
10,2,0,0,7,1.8,9
10,2,0,0,7,1.8,9
10,2,0,0,7,1.8,9
10,2,0,0,7,1.8,9
10,2,0,0,7,1.8,9
10,2,0,0,7,1.8,9
10,2,0,0,7,1.8,9
10,2,0,0,7,1.8,9
10,2,0,0,7,1.8,9
10,2,0,0,7,1.8,9
10,2,0,0,7,1.8,9
10,2,0,0,7,1.8,9
10,2,0,0,7,1.8,9
10,2,0,0,7,1.8,9
10,2,0,0,7,1.8,9
10,2,0,0,7,1.8,9
10,2,0,0,7,1.8,9
10,2,0,0,7,1.8,9
10,2,0,0,7,1.8,9
10,2,0,0,7,1.8,9
10,2,0,0,7,1.8,9
10,2,0,0,7,1.8,9
10,2,0,0,7,1.8,9
10,2,0,0,7,1.8,9
10,2,0,0,7,1.8,9
10,2,0,0,7,1.8,9
10,2,0,0,7,1.8,9
10,2,0,0,7,1.8,9
10,2,0,0,7,1.8,9
10,2,0,0,7,1.8,9
10,2,0,0,7,1.8,9
10,2,0,0,7,1.8,9
10,2,0,0,7,1.8,9
10,2,0,0,7,1.8,9
10,2,0,0,7,1.8,9
10,2,0,0,7,1.8,9
10,2,0,0,7,1.8,9
10,2,0,0,7,1.8,9
10,2,0,0,7,1.8,9
10,2,0,0,7,1.8,9
10,2,0,0,7,1.8,9
10,2,0,0,7,1.8,9
10,2,0,0,7,1.8,9
10,2,0,0,7,1.8,9
10,2,0,0,7,1.8,9
10,2,0,0,7,1.8,9
10,2,0,0,7,1.8,9
10,2,0,0,7,1.8,9
10,2,0,0,7,1.8,9
10,2,0,0,7,1.8,9
10,2,0,0,7,1.8,9
10,2,0,0,7,1.8,9
10,2,0,0,7,1.8,9
10,2,0,0,7,1.8,9
11,2,0,0,7,2.0,9
11,2,0,0,7,2.0,9
11,2,0,0,7,2.0,9
11,2,0,0,7,2.0,9
11,2,0,0,7,2.0,9
11,2,0,0,7,2.0,9
11,2,0,0,7,2.0,9
11,2,0,0,7,2.0,9
11,2,0,0,7,2.0,9
11,2,0,0,7,2.0,9
11,2,0,0,7,2.0,9
11,2,0,0,7,2.0,9
11,2,0,0,7,2.0,9
11,2,0,0,7,2.0,9
11,2,0,0,7,2.0,9
11,2,0,0,7,2.0,9
11,2,0,0,7,2.0,9
11,2,0,0,7,2.0,9
11,2,0,0,7,2.0,9
11,2,0,0,7,2.0,9
11,2,0,0,7,2.0,9
11,2,0,0,7,2.0,9
11,2,0,0,7,2.0,9
11,2,0,0,7,2.0,9
11,2,0,0,7,2.0,9
11,2,0,0,7,2.0,9
11,2,0,0,7,2.0,9
11,2,0,0,7,2.0,9
11,2,0,0,7,2.0,9
11,2,0,0,7,2.0,9
11,2,0,0,7,2.0,9
11,2,0,0,7,2.0,9
11,2,0,0,7,2.0,9
11,2,0,0,7,2.0,9
11,2,0,0,7,2.0,9
11,2,0,0,7,2.0,9
11,2,0,0,7,2.0,9
11,2,0,0,7,2.0,9
11,2,0,0,7,2.0,9
11,2,0,0,7,2.0,9
11,2,0,0,7,2.0,9
11,2,0,0,7,2.0,9
11,2,0,0,7,2.0,9
11,2,0,0,7,2.0,9
11,2,0,0,7,2.0,9
11,2,0,0,7,2.0,9
11,2,0,0,7,2.0,9
11,2,0,0,7,2.0,9
11,2,0,0,7,2.0,9
11,2,0,0,7,2.0,9
11,2,0,0,7,2.0,9
11,2,0,0,7,2.0,9
11,2,0,0,7,2.0,9
11,2,0,0,7,2.0,9
11,2,0,0,7,2.0,9
11,2,0,0,7,2.0,9
11,2,0,0,7,2.0,9
11,2,0,0,7,2.0,9
11,2,0,0,7,2.0,9
11,2,0,0,7,2.0,9
12,2,0,0,7,2.0,9
12,2,0,0,7,2.0,9
12,2,0,0,7,2.0,9
12,2,0,0,7,2.0,9
12,2,0,0,7,2.0,9
12,2,0,0,7,2.0,9
12,2,0,0,7,2.0,9
12,2,0,0,7,2.0,9
12,2,0,0,7,2.0,9
12,2,0,0,7,2.0,9
12,2,0,0,7,2.0,9
12,2,0,0,7,2.0,9
12,2,0,0,7,2.0,9
12,2,0,0,7,2.0,9
12,2,0,0,7,2.0,9
12,2,0,0,7,2.0,9
12,2,0,0,7,2.0,9
12,2,0,0,7,2.0,9
12,2,0,0,7,2.0,9
12,2,0,0,7,2.0,9
12,2,0,0,7,2.0,9
12,2,0,0,7,2.0,9
12,2,0,0,7,2.0,9
12,2,0,0,7,2.0,9
12,2,0,0,7,2.0,9
12,2,0,0,7,2.0,9
12,2,0,0,7,2.0,9
12,2,0,0,7,2.0,9
12,2,0,0,7,2.0,9
12,2,0,0,7,2.0,9
12,2,0,0,7,2.0,9
12,2,0,0,7,2.0,9
12,2,0,0,7,2.0,9
12,2,0,0,7,2.0,9
12,2,0,0,7,2.0,9
12,2,0,0,7,2.0,9
12,2,0,0,7,2.0,9
12,2,0,0,7,2.0,9
12,2,0,0,7,2.0,9
12,2,0,0,7,2.0,9
12,2,0,0,7,2.0,9
12,2,0,0,7,2.0,9
12,2,0,0,7,2.0,9
12,2,0,0,7,2.0,9
12,2,0,0,7,2.0,9
12,2,0,0,7,2.0,9
12,2,0,0,7,2.0,9
12,2,0,0,7,2.0,9
12,2,0,0,7,2.0,9
12,2,0,0,7,2.0,9
12,2,0,0,7,2.0,9
12,2,0,0,7,2.0,9
12,2,0,0,7,2.0,9
12,2,0,0,7,2.0,9
12,2,0,0,7,2.0,9
12,2,0,0,7,2.0,9
12,2,0,0,7,2.0,9
12,2,0,0,7,2.0,9
12,2,0,0,7,2.0,9
12,2,0,0,7,2.0,9
13,2,0,0,8,1.37,9
13,2,0,0,8,1.37,9
13,2,0,0,8,1.37,9
13,2,0,0,8,1.37,9
13,2,0,0,8,1.37,9
13,2,0,0,8,1.37,9
13,2,0,0,8,1.37,9
13,2,0,0,8,1.37,9
13,2,0,0,8,1.37,9
13,2,0,0,8,1.37,9
13,2,0,0,8,1.37,9
13,2,0,0,8,1.37,9
13,2,0,0,8,1.37,9
13,2,0,0,8,1.37,9
13,2,0,0,8,1.37,9
13,2,0,0,8,1.37,9
13,2,0,0,8,1.37,9
13,2,0,0,8,1.37,9
13,2,0,0,8,1.37,9
13,2,0,0,8,1.37,9
13,2,0,0,8,1.37,9
13,2,0,0,8,1.37,9
13,2,0,0,8,1.37,9
13,2,0,0,8,1.37,9
13,2,0,0,8,1.37,9
13,2,0,0,8,1.37,9
13,2,0,0,8,1.37,9
13,2,0,0,8,1.37,9
13,2,0,0,8,1.37,9
13,2,0,0,8,1.37,9
13,2,0,0,8,1.37,9
13,2,0,0,8,1.37,9
13,2,0,0,8,1.37,9
13,2,0,0,8,1.37,9
13,2,0,0,8,1.37,9
13,2,0,0,8,1.37,9
13,2,0,0,8,1.37,9
13,2,0,0,8,1.37,9
13,2,0,0,8,1.37,9
13,2,0,0,8,1.37,9
13,2,0,0,8,1.37,9
13,2,0,0,8,1.37,9
13,2,0,0,8,1.37,9
13,2,0,0,8,1.37,9
13,2,0,0,8,1.37,9
13,2,0,0,8,1.37,9
13,2,0,0,8,1.37,9
13,2,0,0,8,1.37,9
13,2,0,0,8,1.37,9
13,2,0,0,8,1.37,9
13,2,0,0,8,1.37,9
13,2,0,0,8,1.37,9
13,2,0,0,8,1.37,9
13,2,0,0,8,1.37,9
13,2,0,0,8,1.37,9
13,2,0,0,8,1.37,9
13,2,0,0,8,1.37,9
13,2,0,0,8,1.37,9
13,2,0,0,8,1.37,9
13,2,0,0,8,1.37,9
14,2,0,0,8,2.0,10
14,2,0,0,8,2.0,10
14,2,0,0,8,2.0,10
14,2,0,0,8,2.0,10
14,2,0,0,8,2.0,10
14,2,0,0,8,2.0,10
14,2,0,0,8,2.0,10
14,2,0,0,8,2.0,10
14,2,0,0,8,2.0,10
14,2,0,0,8,2.0,10
14,2,0,0,8,2.0,10
14,2,0,0,8,2.0,10
14,2,0,0,8,2.0,10
14,2,0,0,8,2.0,10
14,2,0,0,8,2.0,10
14,2,0,0,8,2.0,10
14,2,0,0,8,2.0,10
14,2,0,0,8,2.0,10
14,2,0,0,8,2.0,10
14,2,0,0,8,2.0,10
14,2,0,0,8,2.0,10
14,2,0,0,8,2.0,10
14,2,0,0,8,2.0,10
14,2,0,0,8,2.0,10
14,2,0,0,8,2.0,10
14,2,0,0,8,2.0,10
14,2,0,0,8,2.0,10
14,2,0,0,8,2.0,10
14,2,0,0,8,2.0,10
14,2,0,0,8,2.0,10
14,2,0,0,8,2.0,10
14,2,0,0,8,2.0,10
14,2,0,0,8,2.0,10
14,2,0,0,8,2.0,10
14,2,0,0,8,2.0,10
14,2,0,0,8,2.0,10
14,2,0,0,8,2.0,10
14,2,0,0,8,2.0,10
14,2,0,0,8,2.0,10
14,2,0,0,8,2.0,10
14,2,0,0,8,2.0,10
14,2,0,0,8,2.0,10
14,2,0,0,8,2.0,10
14,2,0,0,8,2.0,10
14,2,0,0,8,2.0,10
14,2,0,0,8,2.0,10
14,2,0,0,8,2.0,10
14,2,0,0,8,2.0,10
14,2,0,0,8,2.0,10
14,2,0,0,8,2.0,10
14,2,0,0,8,2.0,10
14,2,0,0,8,2.0,10
14,2,0,0,8,2.0,10
14,2,0,0,8,2.0,10
14,2,0,0,8,2.0,10
14,2,0,0,8,2.0,10
14,2,0,0,8,2.0,10
14,2,0,0,8,2.0,10
14,2,0,0,8,2.0,10
14,2,0,0,8,2.0,10
15,2,0,0,8,2.0,10
15,2,0,0,8,2.0,10
15,2,0,0,8,2.0,10
15,2,0,0,8,2.0,10
15,2,0,0,8,2.0,10
15,2,0,0,8,2.0,10
15,2,0,0,8,2.0,10
15,2,0,0,8,2.0,10
15,2,0,0,8,2.0,10
15,2,0,0,8,2.0,10
15,2,0,0,8,2.0,10
15,2,0,0,8,2.0,10
15,2,0,0,8,2.0,10
15,2,0,0,8,2.0,10
15,2,0,0,8,2.0,10
15,2,0,0,8,2.0,10
15,2,0,0,8,2.0,10
15,2,0,0,8,2.0,10
15,2,0,0,8,2.0,10
15,2,0,0,8,2.0,10
15,2,0,0,8,2.0,10
15,2,0,0,8,2.0,10
15,2,0,0,8,2.0,10
15,2,0,0,8,2.0,10
15,2,0,0,8,2.0,10
15,2,0,0,8,2.0,10
15,2,0,0,8,2.0,10
15,2,0,0,8,2.0,10
15,2,0,0,8,2.0,10
15,2,0,0,8,2.0,10
15,2,0,0,8,2.0,10
15,2,0,0,8,2.0,10
15,2,0,0,8,2.0,10
15,2,0,0,8,2.0,10
15,2,0,0,8,2.0,10
15,2,0,0,8,2.0,10
15,2,0,0,8,2.0,10
15,2,0,0,8,2.0,10
15,2,0,0,8,2.0,10
15,2,0,0,8,2.0,10
15,2,0,0,8,2.0,10
15,2,0,0,8,2.0,10
15,2,0,0,8,2.0,10
15,2,0,0,8,2.0,10
15,2,0,0,8,2.0,10
15,2,0,0,8,2.0,10
15,2,0,0,8,2.0,10
15,2,0,0,8,2.0,10
15,2,0,0,8,2.0,10
15,2,0,0,8,2.0,10
15,2,0,0,8,2.0,10
15,2,0,0,8,2.0,10
15,2,0,0,8,2.0,10
15,2,0,0,8,2.0,10
15,2,0,0,8,2.0,10
15,2,0,0,8,2.0,10
15,2,0,0,8,2.0,10
15,2,0,0,8,2.0,10
15,2,0,0,8,2.0,10
15,2,0,0,8,2.0,10
16,2,0,0,8,2.0,10
16,2,0,0,8,2.0,10
16,2,0,0,8,2.0,10
16,2,0,0,8,2.0,10
16,2,0,0,8,2.0,10
16,2,0,0,8,2.0,10
16,2,0,0,8,2.0,10
16,2,0,0,8,2.0,10
16,2,0,0,8,2.0,10
16,2,0,0,8,2.0,10
16,2,0,0,8,2.0,10
16,2,0,0,8,2.0,10
16,2,0,0,8,2.0,10
16,2,0,0,8,2.0,10
16,2,0,0,8,2.0,10
16,2,0,0,8,2.0,10
16,2,0,0,8,2.0,10
16,2,0,0,8,2.0,10
16,2,0,0,8,2.0,10
16,2,0,0,8,2.0,10
16,2,0,0,8,2.0,10
16,2,0,0,8,2.0,10
16,2,0,0,8,2.0,10
16,2,0,0,8,2.0,10
16,2,0,0,8,2.0,10
16,2,0,0,8,2.0,10
16,2,0,0,8,2.0,10
16,2,0,0,8,2.0,10
16,2,0,0,8,2.0,10
16,2,0,0,8,2.0,10
16,2,0,0,8,2.0,10
16,2,0,0,8,2.0,10
16,2,0,0,8,2.0,10
16,2,0,0,8,2.0,10
16,2,0,0,8,2.0,10
16,2,0,0,8,2.0,10
16,2,0,0,8,2.0,10
16,2,0,0,8,2.0,10
16,2,0,0,8,2.0,10
16,2,0,0,8,2.0,10
16,2,0,0,8,2.0,10
16,2,0,0,8,2.0,10
16,2,0,0,8,2.0,10
16,2,0,0,8,2.0,10
16,2,0,0,8,2.0,10
16,2,0,0,8,2.0,10
16,2,0,0,7,3.0,10
16,2,0,0,6,4.0,10
16,2,0,0,6,4.0,10
16,2,0,0,6,4.0,10
16,2,0,0,6,4.0,10
16,2,0,0,6,4.0,10
16,2,0,0,6,4.0,10
16,2,0,0,6,4.0,10
16,2,0,0,6,4.0,10
16,2,0,0,6,4.0,10
16,2,0,0,6,4.0,10
16,2,0,0,6,4.0,10
16,2,0,0,6,4.0,10
16,2,0,0,6,4.0,10
17,2,0,0,6,4.0,10
17,2,0,0,6,4.0,10
17,2,0,0,6,4.0,10
17,2,0,0,6,4.0,10
17,2,0,0,6,4.0,10
17,2,0,0,6,4.0,10
17,2,0,0,6,4.0,10
17,2,0,0,6,4.0,10
17,2,0,0,6,4.0,10
17,2,0,0,6,4.0,10
17,2,0,0,6,4.0,10
17,2,0,0,6,4.0,10
17,2,0,0,6,4.0,10
17,2,0,0,6,4.0,10
17,2,0,0,6,4.0,10
17,2,0,0,6,4.0,10
17,2,0,0,6,4.0,10
17,2,0,0,6,4.0,10
17,2,0,0,6,4.0,10
17,2,0,0,6,4.0,10
17,2,0,0,6,4.0,10
17,2,0,0,6,4.0,10
17,2,0,0,6,4.0,10
17,2,0,0,6,4.0,10
17,2,0,0,6,4.0,10
17,2,0,0,6,4.0,10
17,2,0,0,6,4.0,10
17,2,0,0,6,4.0,10
17,2,0,0,6,4.0,10
17,2,0,0,6,4.0,10
17,2,0,0,6,4.0,10
17,2,0,0,6,4.0,10
17,2,0,0,6,4.0,10
17,2,0,0,6,4.0,10
17,2,0,0,6,4.0,10
17,2,0,0,6,4.0,10
17,2,0,0,6,4.0,10
17,2,0,0,6,4.0,10
17,2,0,0,6,4.0,10
17,2,0,0,6,4.0,10
17,2,0,0,6,4.0,10
17,2,0,0,6,4.0,10
17,2,0,0,6,4.0,10
17,2,0,0,6,4.0,10
17,2,0,0,6,4.0,10
17,2,0,0,6,4.0,10
17,2,0,0,6,4.0,10
17,2,0,0,6,4.0,10
17,2,0,0,6,4.0,10
17,2,0,0,6,4.0,10
17,2,0,0,5,5.0,10
17,2,0,0,5,5.0,10
17,2,0,0,5,5.0,10
17,2,0,0,5,5.0,10
17,2,0,0,5,5.0,10
17,2,0,0,5,5.0,10
17,2,0,0,5,5.0,10
17,2,0,0,5,5.0,10
17,2,0,0,5,5.0,10
17,2,0,0,5,5.0,10
18,2,0,0,5,5.0,10
18,2,0,0,5,5.0,10
18,2,0,0,5,5.0,10
18,2,0,0,5,5.0,10
18,2,0,0,5,5.0,10
18,2,0,0,5,5.0,10
18,2,0,0,5,5.0,10
18,2,0,0,5,5.0,10
18,2,0,0,5,5.0,10
18,2,0,0,5,5.0,10
18,2,0,0,5,5.0,10
18,2,0,0,5,5.0,10
18,2,0,0,5,5.0,10
18,2,0,0,5,5.0,10
18,2,0,0,5,5.0,10
18,2,0,0,5,5.0,10
18,2,0,0,5,5.0,10
18,2,0,0,5,5.0,10
18,2,0,0,5,5.0,10
18,2,0,0,5,5.0,10
18,2,0,0,5,5.0,10
18,2,0,0,5,5.0,10
18,2,0,0,5,5.0,10
18,2,0,0,5,5.0,10
18,2,0,0,5,5.0,10
18,2,0,0,5,5.0,10
18,2,0,0,5,5.0,10
18,2,0,0,5,5.0,10
18,2,0,0,5,5.0,10
18,2,0,0,5,5.0,10
18,2,0,0,5,5.0,10
18,2,0,0,5,5.0,10
18,2,0,0,5,5.0,10
18,2,0,0,5,5.0,10
18,2,0,0,5,5.0,10
18,2,0,0,5,5.0,10
18,2,0,0,5,5.0,10
18,2,0,0,5,5.0,10
18,2,0,0,5,5.0,10
18,2,0,0,5,5.0,10
18,2,0,0,5,5.0,10
18,2,0,0,5,5.0,10
18,2,0,0,5,5.0,10
18,2,0,0,5,5.0,10
18,2,0,0,5,5.0,10
18,2,0,0,5,5.0,10
18,2,0,0,5,5.0,10
18,2,0,0,5,5.0,10
18,2,0,0,5,5.0,10
18,2,0,0,5,5.0,10
18,2,0,0,5,5.0,10
18,2,0,0,5,5.0,10
18,2,0,0,5,5.0,10
18,2,0,0,5,5.0,10
18,2,0,0,5,5.0,10
18,2,0,0,5,5.0,10
18,2,0,0,5,5.0,10
18,2,0,0,5,5.0,10
18,2,0,0,5,5.0,10
18,2,0,0,5,5.0,10
19,2,0,0,5,5.0,10
19,2,0,0,5,5.0,10
19,2,0,0,5,5.0,10
19,2,0,0,5,5.0,10
19,2,0,0,5,5.0,10
19,2,0,0,5,5.0,10
19,2,0,0,5,5.0,10
19,2,0,0,5,5.0,10
19,2,0,0,5,5.0,10
19,2,0,0,5,5.0,10
19,2,0,0,5,5.0,10
19,2,0,0,5,5.0,10
19,2,0,0,5,5.0,10
19,2,0,0,5,5.0,10
19,2,0,0,5,5.0,10
19,2,0,0,5,5.0,10
19,2,0,0,5,5.0,10
19,2,0,0,5,5.0,10
19,2,0,0,5,5.0,10
19,2,0,0,5,5.0,10
19,2,0,0,5,5.0,10
19,2,0,0,5,5.0,10
19,2,0,0,5,5.0,10
19,2,0,0,5,5.0,10
19,2,0,0,5,5.0,10
19,2,0,0,5,5.0,10
19,2,0,0,5,5.0,10
19,2,0,0,5,5.0,10
19,2,0,0,5,5.0,10
19,2,0,0,5,5.0,10
19,2,0,0,5,5.0,10
19,2,0,0,5,5.0,10
19,2,0,0,5,5.0,10
19,2,0,0,5,5.0,10
19,2,0,0,5,5.0,10
19,2,0,0,5,5.0,10
19,2,0,0,5,5.0,10
19,2,0,0,5,5.0,10
19,2,0,0,5,5.0,10
19,2,0,0,5,5.0,10
19,2,0,0,5,5.0,10
19,2,0,0,5,5.0,10
19,2,0,0,5,5.0,10
19,2,0,0,5,5.0,10
19,2,0,0,5,5.0,10
19,2,0,0,5,5.0,10
19,2,0,0,5,5.0,10
19,2,0,0,5,5.0,10
19,2,0,0,5,5.0,10
19,2,0,0,5,5.0,10
19,2,0,0,5,5.0,10
19,2,0,0,5,5.0,10
19,2,0,0,5,5.0,10
19,2,0,0,5,5.0,10
19,2,0,0,5,5.0,10
19,2,0,0,5,5.0,10
19,2,0,0,5,5.0,10
19,2,0,0,5,5.0,10
19,2,0,0,5,5.0,10
19,2,0,0,5,5.0,10
20,2,0,0,5,5.0,10
20,2,0,0,5,5.0,10
20,2,0,0,5,5.0,10
20,2,0,0,5,5.0,10
20,2,0,0,5,5.0,10
20,2,0,0,5,5.0,10
20,2,0,0,5,5.0,10
20,2,0,0,5,5.0,10
20,2,0,0,5,5.0,10
20,2,0,0,5,5.0,10
20,2,0,0,5,5.0,10
20,2,0,0,5,5.0,10
20,2,0,0,5,5.0,10
20,2,0,0,5,5.0,10
20,2,0,0,5,5.0,10
20,2,0,0,5,5.0,10
20,2,0,0,5,5.0,10
20,2,0,0,5,5.0,10
20,2,0,0,5,5.0,10
20,2,0,0,5,5.0,10
20,2,0,0,5,5.0,10
20,2,0,0,5,5.0,10
20,2,0,0,5,5.0,10
20,2,0,0,5,5.0,10
20,2,0,0,5,5.0,10
20,2,0,0,5,5.0,10
20,2,0,0,5,5.0,10
20,2,0,0,5,5.0,10
20,2,0,0,5,5.0,10
20,2,0,0,5,5.0,10
20,2,0,0,5,5.0,10
20,2,0,0,5,5.0,10
20,2,0,0,5,5.0,10
20,2,0,0,5,5.0,10
20,2,0,0,5,5.0,10
20,2,0,0,5,5.0,10
20,2,0,0,5,5.0,10
20,2,0,0,5,5.0,10
20,2,0,0,5,5.0,10
20,2,0,0,5,5.0,10
20,2,0,0,5,5.0,10
20,2,0,0,5,5.0,10
20,2,0,0,5,5.0,10
20,2,0,0,5,5.0,10
20,2,0,0,5,5.0,10
20,2,0,0,5,5.0,10
20,2,0,0,5,5.0,10
20,2,0,0,5,5.0,10
20,2,0,0,5,5.0,10
20,2,0,0,5,5.0,10
20,2,0,0,5,5.0,10
20,2,0,0,5,5.0,10
20,2,0,0,5,5.0,10
20,2,0,0,5,5.0,10
20,2,0,0,5,5.0,10
20,2,0,0,5,5.0,10
20,2,0,0,5,5.0,10
20,2,0,0,5,5.0,10
20,2,0,0,5,5.0,10
20,2,0,0,5,5.0,10
21,2,0,0,5,5.0,10
21,2,0,0,5,5.0,10
21,2,0,0,5,5.0,10
21,2,0,0,5,5.0,10
21,2,0,0,5,5.0,10
21,2,0,0,5,5.0,10
21,2,0,0,5,5.0,10
21,2,0,0,5,5.0,10
21,2,0,0,5,5.0,10
21,2,0,0,5,5.0,10
21,2,0,0,5,5.0,10
21,2,0,0,5,5.0,10
21,2,0,0,5,5.0,10
21,2,0,0,5,5.0,10
21,2,0,0,5,5.0,10
21,2,0,0,5,5.0,10
21,2,0,0,5,5.0,10
21,2,0,0,5,5.0,10
21,2,0,0,5,5.0,10
21,2,0,0,5,5.0,10
21,2,0,0,5,5.0,10
21,2,0,0,5,5.0,10
21,2,0,0,5,5.0,10
21,2,0,0,5,5.0,10
21,2,0,0,5,5.0,10
21,2,0,0,5,5.0,10
21,2,0,0,5,5.0,10
21,2,0,0,5,5.0,10
21,2,0,0,5,5.0,10
21,2,0,0,5,5.0,10
21,2,0,0,5,5.0,10
21,2,0,0,5,5.0,10
21,2,0,0,5,5.0,10
21,2,0,0,5,5.0,10
21,2,0,0,5,5.0,10
21,2,0,0,5,5.0,10
21,2,0,0,5,5.0,10
21,2,0,0,5,5.0,10
21,2,0,0,5,5.0,10
21,2,0,0,5,5.0,10
21,2,0,0,5,5.0,10
21,2,0,0,5,5.0,10
21,2,0,0,5,5.0,10
21,2,0,0,5,5.0,10
21,2,0,0,5,5.0,10
21,2,0,0,5,5.0,10
21,2,0,0,5,5.0,10
21,2,0,0,5,5.0,10
21,2,0,0,5,5.0,10
21,2,0,0,5,5.0,10
21,2,0,0,5,5.0,10
21,2,0,0,5,5.0,10
21,2,0,0,5,5.0,10
21,2,0,0,5,5.0,10
21,2,0,0,5,5.0,10
21,2,0,0,5,5.0,10
21,2,0,0,5,5.0,10
21,2,0,0,5,5.0,10
21,2,0,0,5,5.0,10
21,2,0,0,5,5.0,10
22,2,0,0,5,5.0,10
22,2,0,0,5,5.0,10
22,2,0,0,5,5.0,10
22,2,0,0,5,5.0,10
22,2,0,0,5,5.0,10
22,2,0,0,5,5.0,10
22,2,0,0,5,5.0,10
22,2,0,0,5,5.0,10
22,2,0,0,5,5.0,10
22,2,0,0,5,5.0,10
22,2,0,0,5,5.0,10
22,2,0,0,5,5.0,10
22,2,0,0,5,5.0,10
22,2,0,0,5,5.0,10
22,2,0,0,5,5.0,10
22,2,0,0,5,5.0,10
22,2,0,0,5,5.0,10
22,2,0,0,5,5.0,10
22,2,0,0,5,5.0,10
22,2,0,0,5,5.0,10
22,2,0,0,5,5.0,10
22,2,0,0,5,5.0,10
22,2,0,0,5,5.0,10
22,2,0,0,5,5.0,10
22,2,0,0,5,5.0,10
22,2,0,0,5,5.0,10
22,2,0,0,5,5.0,10
22,2,0,0,5,5.0,10
22,2,0,0,5,5.0,10
22,2,0,0,5,5.0,10
22,2,0,0,5,5.0,10
22,2,0,0,5,5.0,10
22,2,0,0,5,5.0,10
22,2,0,0,5,5.0,10
22,2,0,0,5,5.0,10
22,2,0,0,5,5.0,10
22,2,0,0,5,5.0,10
22,2,0,0,5,5.0,10
22,2,0,0,5,5.0,10
22,2,0,0,5,5.0,10
22,2,0,0,5,5.0,10
22,2,0,0,5,5.0,10
22,2,0,0,5,5.0,10
22,2,0,0,5,5.0,10
22,2,0,0,5,5.0,10
22,2,0,0,5,5.0,10
22,2,0,0,5,5.0,10
22,2,0,0,5,5.0,10
22,2,0,0,5,5.0,10
22,2,0,0,5,5.0,10
22,2,0,0,5,5.0,10
22,2,0,0,5,5.0,10
22,2,0,0,5,5.0,10
22,2,0,0,5,5.0,10
22,2,0,0,5,5.0,10
22,2,0,0,5,5.0,10
22,2,0,0,5,5.0,10
22,2,0,0,5,5.0,10
22,2,0,0,5,5.0,10
22,2,0,0,5,5.0,10
23,2,0,0,5,5.0,10
23,2,0,0,5,5.0,10
23,2,0,0,5,5.0,10
23,2,0,0,5,5.0,10
23,2,0,0,5,5.0,10
23,2,0,0,5,5.0,10
23,2,0,0,5,5.0,10
23,2,0,0,5,5.0,10
23,2,0,0,5,5.0,10
23,2,0,0,5,5.0,10
23,2,0,0,5,5.0,10
23,2,0,0,5,5.0,10
23,2,0,0,5,5.0,10
23,2,0,0,5,5.0,10
23,2,0,0,5,5.0,10
23,2,0,0,5,5.0,10
23,2,0,0,5,5.0,10
23,2,0,0,5,5.0,10
23,2,0,0,5,5.0,10
23,2,0,0,5,5.0,10
23,2,0,0,5,5.0,10
23,2,0,0,5,5.0,10
23,2,0,0,5,5.0,10
23,2,0,0,5,5.0,10
23,2,0,0,5,5.0,10
23,2,0,0,5,5.0,10
23,2,0,0,5,5.0,10
23,2,0,0,5,5.0,10
23,2,0,0,5,5.0,10
23,2,0,0,5,5.0,10
23,2,0,0,5,5.0,10
23,2,0,0,5,5.0,10
23,2,0,0,5,5.0,10
23,2,0,0,5,5.0,10
23,2,0,0,5,5.0,10
23,2,0,0,5,5.0,10
23,2,0,0,5,5.0,10
23,2,0,0,5,5.0,10
23,2,0,0,5,5.0,10
23,2,0,0,5,5.0,10
23,2,0,0,5,5.0,10
23,2,0,0,5,5.0,10
23,2,0,0,5,5.0,10
23,2,0,0,5,5.0,10
23,2,0,0,5,5.0,10
23,2,0,0,5,5.0,10
23,2,0,0,5,5.0,10
23,2,0,0,5,5.0,10
23,2,0,0,5,5.0,10
23,2,0,0,5,5.0,10
23,2,0,0,5,5.0,10
23,2,0,0,5,5.0,10
23,2,0,0,5,5.0,10
23,2,0,0,5,5.0,10
23,2,0,0,5,5.0,10
23,2,0,0,5,5.0,10
23,2,0,0,5,5.0,10
23,2,0,0,5,5.0,10
23,2,0,0,5,5.0,10
23,2,0,0,5,5.0,10
0,3,0,0,5,0.06,5
0,3,0,0,5,0.06,5
0,3,0,0,5,0.06,5
0,3,0,0,5,0.06,5
